,Cu,Mo,Au,As,Sb,Fe,Mg,Ca,Al,K
Cu,1.0,0.6890222312724797,0.7130126138265303,0.4255556529394271,0.28748902995566206,0.002734545735359869,-0.03958532383907807,0.050608238823309525,-0.05121279049027842,0.012102495751972796
Mo,0.6890222312724797,1.0,0.6502367234621033,0.42314487937370177,0.2577015316535128,-0.1088078653175992,-0.12443166708908121,0.010234150526316307,0.10036509496328029,0.1293525144048641
Au,0.7130126138265303,0.6502367234621033,1.0,0.5517082543630383,0.44753925665764255,-0.012584422658966032,-0.08053057335646611,0.08976733991173004,-0.03805111882891187,0.016213225256977562
As,0.4255556529394271,0.42314487937370177,0.5517082543630383,1.0,0.492392939891867,-0.07781056075996477,-0.06680736953725835,0.18368611379030833,-0.04250964568836556,-0.013944627559016648
Sb,0.28748902995566206,0.2577015316535128,0.44753925665764255,0.492392939891867,1.0,-0.11471400887089368,-0.05826030755102814,0.19581415803737265,-0.032873873457623645,0.012903403280961147
Fe,0.002734545735359869,-0.1088078653175992,-0.012584422658966032,-0.07781056075996477,-0.11471400887089368,1.0,0.353311525185716,-0.3321064470053079,-0.6859186133669282,-0.5251538290232092
Mg,-0.03958532383907807,-0.12443166708908121,-0.08053057335646611,-0.06680736953725835,-0.05826030755102814,0.353311525185716,1.0,-0.3397582040332415,-0.5168206783271322,-0.4470754392252129
Ca,0.050608238823309525,0.010234150526316307,0.08976733991173004,0.18368611379030833,0.19581415803737265,-0.3321064470053079,-0.3397582040332415,1.0,-0.20375620246137802,-0.20297136757055617
Al,-0.05121279049027842,0.10036509496328029,-0.03805111882891187,-0.04250964568836556,-0.032873873457623645,-0.6859186133669282,-0.5168206783271322,-0.20375620246137802,1.0,0.4687686791169348
K,0.012102495751972796,0.1293525144048641,0.016213225256977562,-0.013944627559016648,0.012903403280961147,-0.5251538290232092,-0.4470754392252129,-0.20297136757055617,0.4687686791169348,1.0
