replacement_rule,component,explained_variance_ratio
lod_half,PC1,0.2255979771466171
lod_half,PC2,0.1872152858225005
lod_half,PC3,0.15131036937884113
lod_half,PC4,0.10654898123415846
lod_half,PC5,0.08217374653087496
lod_half,PC6,0.07510392706544818
lod_half,PC7,0.0740059322337577
lod_half,PC8,0.05388057040657033
lod_half,PC9,0.044163210181231614
lod_half,PC10,0.0
lod_sqrt2,PC1,0.24649560909747206
lod_sqrt2,PC2,0.2173731992910047
lod_sqrt2,PC3,0.17118302521814846
lod_sqrt2,PC4,0.0956140852792449
lod_sqrt2,PC5,0.06320550469245967
lod_sqrt2,PC6,0.05744196176472289
lod_sqrt2,PC7,0.055834377127053525
lod_sqrt2,PC8,0.049679623940913936
lod_sqrt2,PC9,0.04317261358897978
lod_sqrt2,PC10,0.0
