feature,CLOSED_PC1,CLOSED_PC2,CLOSED_PC3,CLOSED_PC4,CLOSED_PC5,CLOSED_PC6,CLOSED_PC7,CLOSED_PC8,CLOSED_PC9,CLOSED_PC10
Cu,0.43923683934009267,-0.17541510389799603,-0.20271248533302919,-0.31784980056266665,0.1213311040624162,0.10391589190289376,-0.1520969207944705,-0.3669042195811285,-0.6714085611772214,0.010876937837408809
Mo,0.4458957859550541,-0.06588979383606283,-0.256106822461599,-0.29721729374242084,0.14925055118251143,0.020521800937633894,-0.0242866949973322,0.7747456336402072,0.1392409791177867,0.0010473388529517302
Au,0.4762833878036239,-0.1732241918065553,-0.10626455975981564,-0.0721295582602558,-0.03700316528912499,-0.01260360441044266,-0.1132819054287607,-0.47332278265166505,0.6987541429327797,3.679974781289029e-06
As,0.4028050952195946,-0.13685178048375907,0.13401707961251746,0.3441962459519111,-0.07923618755269293,-0.2615439255522038,0.7679474544525352,0.0033542085643496478,-0.13471639808010075,0.0011671547720998893
Sb,0.3361312914287506,-0.09345479910422318,0.2358577245922639,0.6608978195309896,-0.18384898551783435,0.07108364756938042,-0.548738070175775,0.16989486061780032,-0.1305221147386496,0.0002667359056675344
Fe,-0.1744021342710389,-0.49321914190878796,-0.18185466438273792,-0.11952279316893254,-0.5998299315179987,-0.15588403958719219,-0.03280465292379581,0.07609525125347744,-0.03174122980395633,0.5357163781728609
Mg,-0.17775639970975274,-0.4176018157325293,-0.2196884136901015,0.33620815039807317,0.653887216928104,0.24383505428364372,0.06642539009965173,-0.017873710419635237,0.05661737874708281,0.3711483674295494
Ca,0.13363127269961564,0.024705773030137292,0.7827446260461259,-0.310945635578114,0.13985415523711472,0.17452233429153605,0.015970403944188596,0.026956003495815645,0.0333792698140741,0.4690872886392425
Al,0.10387094204048364,0.5289693445941135,-0.20332450100760757,0.09506767065603522,0.18779897017415245,-0.5758197746352602,-0.14991701265141535,-0.06637777101144479,-0.030485476580276123,0.5141752577251913
K,0.12452292963210682,0.4575411514593947,-0.2703168934020961,0.13087039027083558,-0.28171422023221954,0.6851142654944835,0.2106382880323712,-0.03159010060188601,0.011137231150481215,0.3011925188061787
