feature,CLR_PC1,CLR_PC2,CLR_PC3,CLR_PC4,CLR_PC5,CLR_PC6,CLR_PC7,CLR_PC8,CLR_PC9,CLR_PC10
Cu,0.49043534233178104,-0.06027628054626112,-0.15348161943570526,-0.2945459102118422,-0.5454383247326325,-0.47755768801445664,-0.10332031009830848,0.09617832754711507,-0.006031221346384487,0.3162277660167342
Mo,0.3885434211204377,0.21106845486549733,-0.17233266229933278,-0.18081233210417222,0.4248786769337205,0.09506087573282082,0.6607983040457399,-0.12512354054513786,0.014957008132240098,0.316227766016851
Au,0.4676998565378287,-0.06720141996573567,0.024304073776672958,0.21176070369095165,-0.004287130877852402,0.6677419420871075,-0.42215172179110455,0.054198369787684046,-0.06527104646663712,0.3162277660170623
As,0.0736269732618464,-0.1238173137007936,0.20413467831575002,0.19454237618960454,0.6184443320986255,-0.5186399360556726,-0.3803178678685376,-0.0498611633949244,-0.03379418884565917,0.3162277660168342
Sb,-0.0516514763632582,-0.15395747708648527,0.3904988964795557,0.6536508627465605,-0.3206591674697858,-0.07819794511841104,0.42638130584043055,0.006881573749830512,0.05563081328664212,0.31622776601688424
Fe,-0.2689079952670767,-0.33742617830126354,-0.3351735532903978,-0.067176260000508,0.00568754463638832,0.08994840604147214,-0.05364288930222416,-0.15228330972605675,0.7501914913128854,0.3162277660168735
Mg,-0.3442382945928323,-0.39606709507604226,-0.4678649400516316,0.01628843332066391,0.009656975021776787,0.045059215528163624,0.07952085631408179,0.09552730338239246,-0.6228124237628202,0.3162277660167512
Ca,-0.23283683251222867,-0.1722663092079649,0.6414037253410142,-0.6015106646743454,-0.03030564455682369,0.17782940016486876,0.03174458662034038,-0.03930165379445145,-0.08833709930488773,0.3162277660167668
Al,-0.26673154565265483,0.5117096794565644,-0.04688262787007495,0.004668081607530759,0.028572109973314747,0.008741707179182823,-0.05152281026810676,0.7385404793193883,0.12569125760517097,0.31622776601678837
K,-0.25593944886418474,0.5882339395625069,-0.08460597096592107,0.0631347094351021,-0.18654937102687447,-0.009985977545661204,-0.18748945349211577,-0.6247563863257042,-0.1302245906107725,0.31622776601683245
