feature,RAW_PC1,RAW_PC2,RAW_PC3,RAW_PC4,RAW_PC5,RAW_PC6,RAW_PC7,RAW_PC8,RAW_PC9,RAW_PC10
Cu,0.4836053832453425,0.03988455905848204,-0.035612222883906655,-0.3619862108246189,-0.12365059924505914,-0.11162185971800055,0.053370870025630235,0.05936707935934554,-0.3322049260379929,0.6983916415418434
Mo,0.46624135660089727,-0.08014513350691244,-0.10568544276903277,-0.37253001427301785,-0.07292338269822182,-0.010242069325524794,0.08760090828953174,-0.006335885208486446,0.7633568597363708,-0.17434808003890678
Au,0.510681266355044,0.0318495922930203,0.03189245145897826,-0.09831915090703097,-0.09187992254703417,-0.0694238958053681,-0.03045513980712458,-0.022124881459938038,-0.5118820632072844,-0.6714198341871921
As,0.4126237040166276,0.047552811939062634,0.13520186576533488,0.35476433286194764,0.40577838307354386,0.6688004278562812,-0.23364815611002018,0.010761051968190266,0.04694517031647244,0.12034082434167856
Sb,0.32676184512568535,0.0222067387325269,0.17646010597785045,0.7313267048683068,-0.27814448750583914,-0.4303235949775596,0.1646712483594584,-0.0304766670794884,0.15707531733693728,0.1072183946733995
Fe,0.06516307384333986,0.4969414339654075,-0.31756988057612545,0.011980022364363452,0.5381573575779895,-0.41812438285103204,-0.21254914662400526,-0.36880812501757065,0.04452168656792826,0.013738289427874736
Mg,-0.0008706629964883202,0.4998282293170741,-0.3718842249537807,0.09779293516046408,0.01287419833570485,0.11488675457231551,0.383458232517394,0.6619181163001602,-0.0005142622098671737,-0.06139107093583269
Ca,-0.005287826857028798,-0.01758982744228739,0.6825052702737663,-0.16827875722631216,0.5077746098473195,-0.29388062556898575,0.17377842277193073,0.35906122970076554,0.0339358009381196,-0.0324812376846781
Al,0.05665984383302108,-0.49833136139044193,-0.32596155619729783,0.09706212579409751,0.3938229838893762,0.013386250171988242,0.6481543998423778,-0.20621692966541896,-0.12188190581086787,0.004800266282141828
K,0.058588113776831444,-0.4927418983987997,-0.3548445137114794,0.11125852586894912,0.1619248398240098,-0.2749028824073598,-0.5141221767215655,0.4992953575504448,-0.006095757028821012,0.005821732280383974
