feature,ILR_PC1,ILR_PC2,ILR_PC3,ILR_PC4,ILR_PC5,ILR_PC6,ILR_PC7,ILR_PC8,ILR_PC9
ILR_1,0.07204846843654379,0.19186970244880075,-0.01332970024117253,-0.08042178432916482,0.6861177317792196,0.4049024694490008,-0.5403134536992776,-0.15648405161681664,0.014840919389780693
ILR_2,-0.02303375623096454,-0.11643037701682313,0.15285731666867663,-0.36696608032345257,0.04571784241045378,0.7013626823866969,0.572274875463551,0.05606961734773011,-0.05693752346943075
ILR_3,0.3249898026331515,-0.1313595113572341,0.2638243170788209,-0.24457269483329108,0.571628663061624,-0.5314985362754457,0.3684302649248026,-0.050470992597749384,-0.013001150618544184
ILR_4,0.36378847044765517,-0.12870882164402156,0.37104666142959647,-0.6000843088013065,-0.39717804672639523,-0.01775370316503069,-0.4361488198702856,0.011657584234996306,0.06991350549691279
ILR_5,0.49535920258284366,-0.27257355656008325,-0.3594869530765299,0.16805533891167368,-0.02638209085775364,0.139000077896087,0.08208611284415944,-0.13577861740027855,0.6911283897175483
ILR_6,0.488397242919384,-0.2846576404725512,-0.42667028084219166,0.06475939401286393,-0.018621957901702294,0.07591719240007364,-0.05391024472721351,0.11467417035384479,-0.6870445225104285
ILR_7,0.3187578936336539,-0.03717428212811043,0.6681185216965169,0.6339814199876632,-0.053508696296198546,0.18994135272612758,-0.0019970333570266175,-0.026810196207897926,-0.09504212357317175
ILR_8,0.3130742803423487,0.6120741111117813,-0.059697445429970464,-0.012391745101353907,0.00832024485914204,0.008095121899465041,0.07674403678366337,0.709712225434567,0.11796859569860493
ILR_9,0.26978386716638747,0.6200530153436037,-0.08918252396727153,-0.06654982707665888,-0.1966403028387164,-0.010526144564751816,0.19763123676544359,-0.6585510545087611,-0.13726877123004938
