component,explained_variance_ratio,cumulative_explained_variance,eigenvalue,representation
RAW_PC1,0.304756782810416,0.304756782810416,3.0503611991656676,raw
RAW_PC2,0.20795640756130723,0.5127131903717232,2.0814701838400325,raw
RAW_PC3,0.15655986970367367,0.6692730600753969,1.5670337095913076,raw
RAW_PC4,0.08780274085696847,0.7570758009323654,0.8788321999615911,raw
RAW_PC5,0.05231859952880131,0.8093944004611667,0.5236655424880938,raw
RAW_PC6,0.04951485560400284,0.8589092560651695,0.4956024043957022,raw
RAW_PC7,0.04669396096294317,0.9056032170281128,0.46736760193889965,raw
RAW_PC8,0.04093670175286772,0.9465399187809804,0.40974223935959264,raw
RAW_PC9,0.029355748691417424,0.9758956674723979,0.29382655885451725,raw
RAW_PC10,0.024104332527602138,1.0,0.24126426324602693,raw
CLOSED_PC1,0.3104532518375104,0.3104532518375104,3.1073781027182528,closed
CLOSED_PC2,0.2477272806227958,0.5581805324603062,2.4795434504133187,closed
CLOSED_PC3,0.1357349727551832,0.6939155052154894,1.3585938611242903,closed
CLOSED_PC4,0.0850243917213638,0.7789398969368532,0.8510232425273079,closed
CLOSED_PC5,0.06406961613292342,0.8430095130697766,0.6412834172057964,closed
CLOSED_PC6,0.05267553233682926,0.8956850454066059,0.5272381421798127,closed
CLOSED_PC7,0.047494874067412096,0.943179919474018,0.4753840740752889,closed
CLOSED_PC8,0.031344738324814395,0.9745246577988325,0.3137346860742193,closed
CLOSED_PC9,0.025475342201167657,1.0000000000000002,0.2549869265231447,closed
CLOSED_PC10,5.543646472437217e-18,1.0000000000000002,5.548727724932577e-17,closed
CLR_PC1,0.2255979771466171,0.2255979771466171,0.30658755102473484,clr
CLR_PC2,0.1872152858225005,0.4128132629691176,0.2544254905149839,clr
CLR_PC3,0.15131036937884113,0.5641236323479587,0.20563072497036597,clr
CLR_PC4,0.10654898123415846,0.6706726135821172,0.1448000183065955,clr
CLR_PC5,0.08217374653087496,0.7528463601129921,0.11167408514064345,clr
CLR_PC6,0.07510392706544818,0.8279502871784403,0.10206620361835693,clr
CLR_PC7,0.0740059322337577,0.9019562194121981,0.10057402912839235,clr
CLR_PC8,0.05388057040657033,0.9558367898187684,0.07322367131878295,clr
CLR_PC9,0.044163210181231614,1.0,0.06001778307637397,clr
CLR_PC10,0.0,1.0,0.0,clr
ILR_PC1,0.225597977146663,0.225597977146663,0.30658755102486046,ilr
ILR_PC2,0.1872152858224716,0.41281326296913456,0.25442549051499713,ilr
ILR_PC3,0.1513103693788156,0.5641236323479502,0.2056307249703737,ilr
ILR_PC4,0.10654898123416817,0.6706726135821184,0.14480001830663858,ilr
ILR_PC5,0.08217374653085391,0.7528463601129722,0.11167408514063788,ilr
ILR_PC6,0.07510392706549808,0.8279502871784703,0.10206620361844582,ilr
ILR_PC7,0.07400593223375478,0.901956219412225,0.10057402912840911,ilr
ILR_PC8,0.05388057040655619,0.9558367898187812,0.07322367131877884,ilr
ILR_PC9,0.04416321018121882,1.0,0.06001778307636896,ilr
