seed,cell_size_m,offset_match_rate,all_offsets_match,true_hotspot_not_densest_all_offsets,max_normalized_distance,median_true_hotspot_n,median_true_hotspot_mean
12345,5000.000000,0.750000,False,True,1.414214,2.000000,79.479449
12345,10000.000000,1.000000,True,True,0.000000,6.000000,73.715241
12345,20000.000000,1.000000,True,True,0.000000,26.500000,39.631813
12346,5000.000000,1.000000,True,True,0.000000,1.500000,79.025342
12346,10000.000000,1.000000,True,True,0.000000,7.000000,65.684873
12346,20000.000000,1.000000,True,True,0.000000,31.000000,38.831614
12347,5000.000000,1.000000,True,True,0.000000,2.000000,87.091526
12347,10000.000000,1.000000,True,True,0.000000,7.000000,75.066358
12347,20000.000000,1.000000,True,True,0.000000,24.500000,42.202086
12348,5000.000000,1.000000,True,True,0.000000,1.500000,87.591684
12348,10000.000000,1.000000,True,True,0.000000,9.000000,69.809915
12348,20000.000000,1.000000,True,True,0.000000,33.000000,38.182266
12349,5000.000000,1.000000,True,True,0.000000,1.000000,80.563799
12349,10000.000000,1.000000,True,True,0.000000,4.500000,71.103944
12349,20000.000000,1.000000,True,True,0.000000,25.000000,36.961674
12350,5000.000000,1.000000,True,True,0.000000,4.000000,87.408886
12350,10000.000000,1.000000,True,True,0.000000,13.500000,74.872302
12350,20000.000000,1.000000,True,True,0.000000,37.500000,47.553005
12351,5000.000000,1.000000,True,True,0.000000,1.000000,84.077102
12351,10000.000000,1.000000,True,True,0.000000,8.500000,66.654701
12351,20000.000000,1.000000,True,True,0.000000,31.500000,42.018094
12352,5000.000000,1.000000,True,True,0.000000,3.500000,85.681033
12352,10000.000000,1.000000,True,True,0.000000,11.000000,77.309966
12352,20000.000000,1.000000,True,True,0.000000,33.000000,46.012954
12353,5000.000000,1.000000,True,True,0.000000,5.000000,85.781979
12353,10000.000000,1.000000,True,True,0.000000,11.500000,75.747018
12353,20000.000000,1.000000,True,True,0.000000,36.000000,44.820462
12354,5000.000000,1.000000,True,True,0.000000,2.000000,79.525675
12354,10000.000000,1.000000,True,True,0.000000,5.500000,62.952954
12354,20000.000000,1.000000,True,True,0.000000,25.500000,39.387105
12355,5000.000000,0.750000,False,True,1.000000,3.000000,77.056227
12355,10000.000000,1.000000,True,True,0.000000,7.000000,68.295109
12355,20000.000000,1.000000,True,True,0.000000,34.000000,41.823345
12356,5000.000000,1.000000,True,True,0.000000,2.500000,83.905670
12356,10000.000000,1.000000,True,True,0.000000,6.000000,74.021469
12356,20000.000000,0.750000,False,True,1.000000,37.500000,39.660056
12357,5000.000000,1.000000,True,True,0.000000,3.000000,85.011805
12357,10000.000000,1.000000,True,True,0.000000,11.500000,73.169649
12357,20000.000000,1.000000,True,True,0.000000,34.500000,46.655694
12358,5000.000000,0.750000,False,True,1.414214,1.000000,86.105719
12358,10000.000000,1.000000,True,True,0.000000,6.000000,68.118846
12358,20000.000000,1.000000,True,True,0.000000,33.000000,34.054388
12359,5000.000000,0.750000,False,True,1.000000,2.500000,81.538704
12359,10000.000000,0.750000,False,True,1.000000,9.500000,67.270266
12359,20000.000000,1.000000,True,True,0.000000,34.000000,39.535312
12360,5000.000000,1.000000,True,True,0.000000,2.000000,84.102409
12360,10000.000000,1.000000,True,True,0.000000,7.500000,72.834896
12360,20000.000000,1.000000,True,True,0.000000,32.500000,37.877030
12361,5000.000000,1.000000,True,True,0.000000,3.000000,85.834726
12361,10000.000000,1.000000,True,True,0.000000,10.000000,72.810042
12361,20000.000000,1.000000,True,True,0.000000,27.500000,51.247361
12362,5000.000000,1.000000,True,True,0.000000,1.000000,88.150083
12362,10000.000000,1.000000,True,True,0.000000,5.000000,68.329630
12362,20000.000000,1.000000,True,True,0.000000,28.500000,36.089133
12363,5000.000000,0.500000,False,True,1.000000,2.500000,84.682978
12363,10000.000000,1.000000,True,True,0.000000,8.000000,70.846743
12363,20000.000000,1.000000,True,True,0.000000,27.500000,40.515375
12364,5000.000000,0.500000,False,True,1.414214,2.000000,86.465627
12364,10000.000000,1.000000,True,True,0.000000,8.000000,71.377103
12364,20000.000000,1.000000,True,True,0.000000,29.000000,42.416375
12365,5000.000000,0.500000,False,True,1.414214,1.500000,80.696684
12365,10000.000000,1.000000,True,True,0.000000,6.500000,67.198625
12365,20000.000000,1.000000,True,True,0.000000,33.500000,40.734130
12366,5000.000000,1.000000,True,True,0.000000,3.000000,86.660030
12366,10000.000000,1.000000,True,True,0.000000,9.000000,68.567663
12366,20000.000000,1.000000,True,True,0.000000,31.500000,42.870609
12367,5000.000000,1.000000,True,True,0.000000,2.500000,87.552406
12367,10000.000000,1.000000,True,True,0.000000,10.000000,75.738266
12367,20000.000000,1.000000,True,True,0.000000,35.500000,44.239379
12368,5000.000000,0.750000,False,True,1.000000,2.000000,84.204540
12368,10000.000000,1.000000,True,True,0.000000,7.000000,78.101348
12368,20000.000000,1.000000,True,True,0.000000,28.500000,44.510211
12369,5000.000000,1.000000,True,True,0.000000,1.000000,76.247611
12369,10000.000000,1.000000,True,True,0.000000,8.000000,64.614076
12369,20000.000000,1.000000,True,True,0.000000,34.000000,40.492769
12370,5000.000000,1.000000,True,True,0.000000,2.000000,82.751406
12370,10000.000000,1.000000,True,True,0.000000,6.000000,73.232694
12370,20000.000000,1.000000,True,True,0.000000,28.500000,37.689943
12371,5000.000000,1.000000,True,True,0.000000,2.500000,87.576179
12371,10000.000000,1.000000,True,True,0.000000,9.500000,72.265377
12371,20000.000000,1.000000,True,True,0.000000,28.500000,44.595998
12372,5000.000000,1.000000,True,True,0.000000,3.000000,86.853460
12372,10000.000000,1.000000,True,True,0.000000,9.500000,70.397265
12372,20000.000000,1.000000,True,True,0.000000,34.000000,43.037382
12373,5000.000000,0.750000,False,True,1.000000,1.500000,89.165011
12373,10000.000000,1.000000,True,True,0.000000,8.500000,75.982109
12373,20000.000000,1.000000,True,True,0.000000,26.500000,43.535366
12374,5000.000000,1.000000,True,True,0.000000,1.000000,88.246833
12374,10000.000000,1.000000,True,True,0.000000,7.000000,71.057387
12374,20000.000000,1.000000,True,True,0.000000,28.000000,41.148965
12375,5000.000000,0.750000,False,True,1.414214,1.000000,83.356310
12375,10000.000000,1.000000,True,True,0.000000,6.500000,69.277955
12375,20000.000000,1.000000,True,True,0.000000,32.000000,41.474790
12376,5000.000000,1.000000,True,True,0.000000,2.000000,83.884481
12376,10000.000000,1.000000,True,True,0.000000,8.500000,70.535163
12376,20000.000000,1.000000,True,True,0.000000,30.500000,41.099653
12377,5000.000000,1.000000,True,True,0.000000,1.000000,84.337739
12377,10000.000000,1.000000,True,True,0.000000,7.000000,68.354190
12377,20000.000000,0.750000,False,True,1.000000,27.500000,36.273945
12378,5000.000000,1.000000,True,True,0.000000,3.000000,85.019335
12378,10000.000000,1.000000,True,True,0.000000,13.500000,69.046154
12378,20000.000000,1.000000,True,True,0.000000,37.500000,48.779700
12379,5000.000000,1.000000,True,True,0.000000,3.000000,86.390510
12379,10000.000000,1.000000,True,True,0.000000,10.000000,72.315302
12379,20000.000000,1.000000,True,True,0.000000,42.000000,40.993675
12380,5000.000000,0.750000,False,True,1.000000,2.500000,84.573135
12380,10000.000000,1.000000,True,True,0.000000,8.000000,72.584776
12380,20000.000000,1.000000,True,True,0.000000,32.000000,41.875082
12381,5000.000000,1.000000,True,True,0.000000,2.500000,86.763760
12381,10000.000000,1.000000,True,True,0.000000,7.500000,78.022579
12381,20000.000000,1.000000,True,True,0.000000,34.500000,40.753279
12382,5000.000000,1.000000,True,True,0.000000,3.000000,83.447835
12382,10000.000000,1.000000,True,True,0.000000,8.000000,72.177932
12382,20000.000000,1.000000,True,True,0.000000,29.500000,39.888055
12383,5000.000000,1.000000,True,True,0.000000,2.500000,84.503673
12383,10000.000000,1.000000,True,True,0.000000,10.500000,70.275709
12383,20000.000000,1.000000,True,True,0.000000,33.000000,44.136735
12384,5000.000000,1.000000,True,True,0.000000,1.500000,85.455902
12384,10000.000000,1.000000,True,True,0.000000,7.500000,71.412775
12384,20000.000000,1.000000,True,True,0.000000,37.000000,42.887220
12385,5000.000000,0.500000,False,True,1.000000,1.000000,82.488727
12385,10000.000000,1.000000,True,True,0.000000,6.000000,70.482878
12385,20000.000000,1.000000,True,True,0.000000,27.500000,41.548889
12386,5000.000000,1.000000,True,True,0.000000,1.000000,84.983203
12386,10000.000000,1.000000,True,True,0.000000,7.000000,63.248976
12386,20000.000000,1.000000,True,True,0.000000,27.000000,38.085721
12387,5000.000000,0.500000,False,True,1.000000,2.000000,81.113603
12387,10000.000000,1.000000,True,True,0.000000,7.500000,65.948568
12387,20000.000000,1.000000,True,True,0.000000,30.500000,38.688762
12388,5000.000000,1.000000,True,True,0.000000,3.000000,86.368884
12388,10000.000000,1.000000,True,True,0.000000,7.500000,74.735339
12388,20000.000000,1.000000,True,True,0.000000,38.500000,41.903809
12389,5000.000000,1.000000,True,True,0.000000,3.500000,86.304886
12389,10000.000000,1.000000,True,True,0.000000,9.000000,73.797608
12389,20000.000000,1.000000,True,True,0.000000,30.000000,39.750156
12390,5000.000000,0.500000,False,True,1.414214,1.500000,84.652471
12390,10000.000000,1.000000,True,True,0.000000,6.500000,70.138000
12390,20000.000000,1.000000,True,True,0.000000,32.500000,36.906930
12391,5000.000000,1.000000,True,True,0.000000,1.500000,72.256010
12391,10000.000000,1.000000,True,True,0.000000,5.000000,60.542699
12391,20000.000000,1.000000,True,True,0.000000,31.500000,35.150359
12392,5000.000000,0.750000,False,True,1.000000,4.500000,86.276454
12392,10000.000000,1.000000,True,True,0.000000,12.000000,74.151200
12392,20000.000000,1.000000,True,True,0.000000,37.500000,46.085320
12393,5000.000000,0.750000,False,True,1.000000,4.500000,79.543391
12393,10000.000000,1.000000,True,True,0.000000,8.000000,69.128689
12393,20000.000000,1.000000,True,True,0.000000,29.500000,41.787339
12394,5000.000000,0.500000,False,True,1.414214,1.500000,84.762886
12394,10000.000000,1.000000,True,True,0.000000,8.000000,73.127998
12394,20000.000000,1.000000,True,True,0.000000,28.000000,40.740441
12395,5000.000000,1.000000,True,True,0.000000,2.500000,85.059435
12395,10000.000000,1.000000,True,True,0.000000,12.000000,71.527689
12395,20000.000000,1.000000,True,True,0.000000,33.000000,49.956555
12396,5000.000000,1.000000,True,True,0.000000,3.000000,86.825106
12396,10000.000000,1.000000,True,True,0.000000,7.000000,76.669643
12396,20000.000000,1.000000,True,True,0.000000,34.500000,38.639383
12397,5000.000000,1.000000,True,True,0.000000,2.000000,85.487277
12397,10000.000000,1.000000,True,True,0.000000,8.500000,71.730782
12397,20000.000000,1.000000,True,True,0.000000,33.000000,40.331756
12398,5000.000000,1.000000,True,True,0.000000,1.500000,87.781528
12398,10000.000000,1.000000,True,True,0.000000,8.500000,72.705466
12398,20000.000000,1.000000,True,True,0.000000,30.000000,45.278206
12399,5000.000000,1.000000,True,True,0.000000,1.500000,87.893347
12399,10000.000000,1.000000,True,True,0.000000,8.000000,72.734555
12399,20000.000000,1.000000,True,True,0.000000,30.000000,42.988268
12400,5000.000000,0.500000,False,True,1.000000,2.000000,84.702088
12400,10000.000000,1.000000,True,True,0.000000,9.000000,73.969889
12400,20000.000000,1.000000,True,True,0.000000,31.500000,43.669667
12401,5000.000000,1.000000,True,True,0.000000,2.500000,87.800333
12401,10000.000000,1.000000,True,True,0.000000,12.000000,69.476692
12401,20000.000000,1.000000,True,True,0.000000,35.000000,45.408705
12402,5000.000000,0.750000,False,True,1.000000,4.500000,83.038069
12402,10000.000000,1.000000,True,True,0.000000,10.500000,76.079522
12402,20000.000000,1.000000,True,True,0.000000,32.000000,47.713311
12403,5000.000000,0.750000,False,True,1.000000,1.500000,84.012978
12403,10000.000000,0.750000,False,True,1.000000,7.500000,66.851535
12403,20000.000000,1.000000,True,True,0.000000,33.500000,41.325265
12404,5000.000000,1.000000,True,True,0.000000,3.000000,85.120368
12404,10000.000000,1.000000,True,True,0.000000,10.000000,73.461407
12404,20000.000000,1.000000,True,True,0.000000,38.500000,42.081782
12405,5000.000000,1.000000,True,True,0.000000,1.500000,82.190295
12405,10000.000000,1.000000,True,True,0.000000,7.000000,67.243288
12405,20000.000000,0.750000,False,True,1.000000,33.500000,42.410447
12406,5000.000000,0.750000,False,True,1.000000,1.500000,88.032452
12406,10000.000000,1.000000,True,True,0.000000,8.500000,70.683249
12406,20000.000000,1.000000,True,True,0.000000,31.000000,39.489447
12407,5000.000000,1.000000,True,True,0.000000,2.000000,84.300880
12407,10000.000000,1.000000,True,True,0.000000,7.000000,65.969220
12407,20000.000000,1.000000,True,True,0.000000,32.000000,43.632619
12408,5000.000000,0.500000,False,True,1.000000,1.000000,83.388594
12408,10000.000000,1.000000,True,True,0.000000,7.000000,68.944956
12408,20000.000000,1.000000,True,True,0.000000,34.500000,39.017280
12409,5000.000000,1.000000,True,True,0.000000,3.500000,84.308672
12409,10000.000000,1.000000,True,True,0.000000,11.000000,71.151338
12409,20000.000000,1.000000,True,True,0.000000,48.000000,40.433392
12410,5000.000000,1.000000,True,True,0.000000,2.500000,84.335787
12410,10000.000000,1.000000,True,True,0.000000,10.000000,68.800324
12410,20000.000000,1.000000,True,True,0.000000,34.500000,43.450114
12411,5000.000000,1.000000,True,True,0.000000,3.500000,85.000937
12411,10000.000000,1.000000,True,True,0.000000,10.000000,74.999173
12411,20000.000000,1.000000,True,True,0.000000,35.000000,45.249944
12412,5000.000000,0.500000,False,True,1.000000,1.500000,86.662581
12412,10000.000000,1.000000,True,True,0.000000,6.000000,75.180819
12412,20000.000000,1.000000,True,True,0.000000,26.500000,37.440191
12413,5000.000000,1.000000,True,True,0.000000,1.000000,85.864371
12413,10000.000000,1.000000,True,True,0.000000,7.500000,74.728432
12413,20000.000000,1.000000,True,True,0.000000,31.500000,39.284452
12414,5000.000000,0.500000,False,True,1.000000,3.500000,83.040926
12414,10000.000000,1.000000,True,True,0.000000,9.500000,69.271967
12414,20000.000000,0.750000,False,True,1.000000,36.000000,40.714807
12415,5000.000000,1.000000,True,True,0.000000,3.000000,80.966967
12415,10000.000000,1.000000,True,True,0.000000,8.000000,66.377822
12415,20000.000000,1.000000,True,True,0.000000,32.500000,39.272933
12416,5000.000000,1.000000,True,True,0.000000,1.500000,83.982706
12416,10000.000000,1.000000,True,True,0.000000,7.500000,67.304960
12416,20000.000000,1.000000,True,True,0.000000,33.500000,41.885161
12417,5000.000000,1.000000,True,True,0.000000,2.000000,84.329913
12417,10000.000000,1.000000,True,True,0.000000,10.000000,72.145635
12417,20000.000000,1.000000,True,True,0.000000,30.500000,44.062377
12418,5000.000000,1.000000,True,True,0.000000,3.000000,84.889438
12418,10000.000000,1.000000,True,True,0.000000,6.500000,73.680496
12418,20000.000000,1.000000,True,True,0.000000,28.000000,39.485960
12419,5000.000000,1.000000,True,True,0.000000,2.000000,86.201113
12419,10000.000000,1.000000,True,True,0.000000,10.000000,69.747055
12419,20000.000000,1.000000,True,True,0.000000,33.500000,44.646040
12420,5000.000000,1.000000,True,True,0.000000,2.000000,85.467902
12420,10000.000000,1.000000,True,True,0.000000,10.000000,67.721644
12420,20000.000000,1.000000,True,True,0.000000,37.500000,39.745976
12421,5000.000000,0.750000,False,True,1.000000,2.000000,82.622871
12421,10000.000000,1.000000,True,True,0.000000,10.500000,74.099989
12421,20000.000000,1.000000,True,True,0.000000,35.000000,44.557750
12422,5000.000000,0.500000,False,True,1.000000,2.000000,86.207367
12422,10000.000000,1.000000,True,True,0.000000,6.500000,74.802600
12422,20000.000000,1.000000,True,True,0.000000,31.000000,37.597757
12423,5000.000000,1.000000,True,True,0.000000,1.500000,85.764703
12423,10000.000000,1.000000,True,True,0.000000,4.500000,68.005235
12423,20000.000000,1.000000,True,True,0.000000,29.000000,34.200067
12424,5000.000000,1.000000,True,True,0.000000,2.000000,83.556333
12424,10000.000000,1.000000,True,True,0.000000,7.500000,68.983631
12424,20000.000000,1.000000,True,True,0.000000,31.500000,42.301709
12425,5000.000000,0.500000,False,True,1.414214,2.500000,81.941466
12425,10000.000000,1.000000,True,True,0.000000,7.000000,76.061174
12425,20000.000000,1.000000,True,True,0.000000,26.500000,40.254930
12426,5000.000000,0.750000,False,True,1.414214,2.000000,83.322884
12426,10000.000000,1.000000,True,True,0.000000,5.500000,71.530351
12426,20000.000000,1.000000,True,True,0.000000,29.500000,35.343844
12427,5000.000000,0.250000,False,True,1.414214,1.500000,84.698358
12427,10000.000000,1.000000,True,True,0.000000,8.500000,76.128648
12427,20000.000000,1.000000,True,True,0.000000,29.000000,43.297528
12428,5000.000000,0.750000,False,True,1.000000,2.500000,82.481458
12428,10000.000000,1.000000,True,True,0.000000,10.000000,68.128788
12428,20000.000000,1.000000,True,True,0.000000,34.500000,42.534161
12429,5000.000000,0.750000,False,True,1.000000,2.500000,81.601197
12429,10000.000000,1.000000,True,True,0.000000,8.000000,63.386450
12429,20000.000000,1.000000,True,True,0.000000,36.000000,37.627012
12430,5000.000000,1.000000,True,True,0.000000,3.000000,85.311311
12430,10000.000000,1.000000,True,True,0.000000,7.500000,72.260960
12430,20000.000000,1.000000,True,True,0.000000,31.000000,41.336201
12431,5000.000000,0.500000,False,True,1.000000,1.000000,76.279023
12431,10000.000000,1.000000,True,True,0.000000,2.500000,62.620098
12431,20000.000000,1.000000,True,True,0.000000,23.000000,31.600972
12432,5000.000000,1.000000,True,True,0.000000,2.000000,86.841181
12432,10000.000000,1.000000,True,True,0.000000,8.000000,71.924564
12432,20000.000000,1.000000,True,True,0.000000,32.000000,44.153128
12433,5000.000000,0.750000,False,True,1.414214,3.000000,86.585785
12433,10000.000000,1.000000,True,True,0.000000,9.000000,78.028066
12433,20000.000000,1.000000,True,True,0.000000,33.500000,40.075533
12434,5000.000000,1.000000,True,True,0.000000,4.000000,83.027843
12434,10000.000000,1.000000,True,True,0.000000,9.500000,70.754390
12434,20000.000000,1.000000,True,True,0.000000,38.000000,41.509060
12435,5000.000000,1.000000,True,True,0.000000,3.000000,87.298398
12435,10000.000000,1.000000,True,True,0.000000,9.500000,74.030389
12435,20000.000000,1.000000,True,True,0.000000,33.500000,42.431995
12436,5000.000000,0.500000,False,True,1.000000,2.000000,83.416744
12436,10000.000000,1.000000,True,True,0.000000,7.000000,74.672206
12436,20000.000000,1.000000,True,True,0.000000,34.500000,40.076697
12437,5000.000000,0.750000,False,True,1.000000,1.000000,84.479622
12437,10000.000000,1.000000,True,True,0.000000,8.000000,71.587161
12437,20000.000000,1.000000,True,True,0.000000,34.500000,39.875519
12438,5000.000000,1.000000,True,True,0.000000,2.000000,80.310451
12438,10000.000000,1.000000,True,True,0.000000,9.500000,68.457009
12438,20000.000000,0.750000,False,True,1.000000,30.000000,39.489833
12439,5000.000000,1.000000,True,True,0.000000,4.000000,86.723080
12439,10000.000000,1.000000,True,True,0.000000,10.500000,75.495692
12439,20000.000000,1.000000,True,True,0.000000,30.500000,42.664248
12440,5000.000000,1.000000,True,True,0.000000,2.000000,85.405911
12440,10000.000000,1.000000,True,True,0.000000,4.500000,71.183884
12440,20000.000000,1.000000,True,True,0.000000,25.000000,37.884587
12441,5000.000000,1.000000,True,True,0.000000,4.000000,86.891955
12441,10000.000000,1.000000,True,True,0.000000,11.500000,75.327706
12441,20000.000000,1.000000,True,True,0.000000,34.500000,47.648645
12442,5000.000000,1.000000,True,True,0.000000,2.000000,82.866669
12442,10000.000000,1.000000,True,True,0.000000,7.500000,67.101731
12442,20000.000000,1.000000,True,True,0.000000,31.500000,40.251211
12443,5000.000000,1.000000,True,True,0.000000,1.500000,86.800471
12443,10000.000000,1.000000,True,True,0.000000,7.000000,67.901966
12443,20000.000000,1.000000,True,True,0.000000,28.000000,40.641332
12444,5000.000000,1.000000,True,True,0.000000,2.000000,86.520882
12444,10000.000000,1.000000,True,True,0.000000,8.000000,65.737428
12444,20000.000000,1.000000,True,True,0.000000,30.000000,39.758474
12445,5000.000000,1.000000,True,True,0.000000,1.500000,84.094715
12445,10000.000000,1.000000,True,True,0.000000,9.000000,68.488540
12445,20000.000000,1.000000,True,True,0.000000,36.000000,41.973502
12446,5000.000000,0.500000,False,True,1.000000,2.000000,86.070058
12446,10000.000000,1.000000,True,True,0.000000,8.500000,73.153023
12446,20000.000000,1.000000,True,True,0.000000,28.500000,45.552200
12447,5000.000000,0.750000,False,True,1.000000,1.000000,86.670591
12447,10000.000000,1.000000,True,True,0.000000,5.000000,73.433996
12447,20000.000000,1.000000,True,True,0.000000,27.500000,37.663408
12448,5000.000000,1.000000,True,True,0.000000,2.000000,88.274613
12448,10000.000000,1.000000,True,True,0.000000,10.000000,70.120856
12448,20000.000000,1.000000,True,True,0.000000,36.000000,42.346405
12449,5000.000000,0.500000,False,True,2.000000,1.500000,82.469659
12449,10000.000000,0.750000,False,True,1.000000,9.500000,67.847591
12449,20000.000000,1.000000,True,True,0.000000,30.500000,43.130706
12450,5000.000000,1.000000,True,True,0.000000,2.000000,83.278403
12450,10000.000000,1.000000,True,True,0.000000,8.000000,68.786183
12450,20000.000000,1.000000,True,True,0.000000,35.000000,42.503981
12451,5000.000000,1.000000,True,True,0.000000,1.500000,85.125690
12451,10000.000000,1.000000,True,True,0.000000,6.000000,72.098852
12451,20000.000000,1.000000,True,True,0.000000,29.000000,39.464249
12452,5000.000000,0.500000,False,True,1.000000,1.000000,80.420604
12452,10000.000000,1.000000,True,True,0.000000,7.500000,64.711225
12452,20000.000000,1.000000,True,True,0.000000,37.500000,38.272782
12453,5000.000000,1.000000,True,True,0.000000,2.500000,80.698390
12453,10000.000000,1.000000,True,True,0.000000,11.000000,68.297542
12453,20000.000000,0.750000,False,True,1.000000,32.500000,42.238143
12454,5000.000000,1.000000,True,True,0.000000,2.000000,83.121448
12454,10000.000000,1.000000,True,True,0.000000,10.500000,66.615716
12454,20000.000000,1.000000,True,True,0.000000,36.500000,43.542205
12455,5000.000000,1.000000,True,True,0.000000,1.500000,81.114832
12455,10000.000000,1.000000,True,True,0.000000,7.500000,67.365703
12455,20000.000000,1.000000,True,True,0.000000,30.500000,37.703255
12456,5000.000000,0.750000,False,True,1.000000,1.500000,84.943573
12456,10000.000000,1.000000,True,True,0.000000,10.500000,68.557459
12456,20000.000000,1.000000,True,True,0.000000,34.000000,42.197397
12457,5000.000000,0.750000,False,True,1.000000,1.500000,79.259060
12457,10000.000000,1.000000,True,True,0.000000,11.000000,68.531410
12457,20000.000000,1.000000,True,True,0.000000,34.500000,47.926600
12458,5000.000000,0.750000,False,True,1.000000,2.500000,84.111319
12458,10000.000000,1.000000,True,True,0.000000,8.500000,75.153226
12458,20000.000000,1.000000,True,True,0.000000,30.000000,42.288333
12459,5000.000000,0.750000,False,True,1.414214,2.000000,84.172137
12459,10000.000000,1.000000,True,True,0.000000,8.000000,67.772228
12459,20000.000000,1.000000,True,True,0.000000,32.000000,42.306861
12460,5000.000000,1.000000,True,True,0.000000,3.000000,84.563283
12460,10000.000000,1.000000,True,True,0.000000,7.500000,73.823250
12460,20000.000000,1.000000,True,True,0.000000,29.000000,43.971005
12461,5000.000000,0.750000,False,True,1.414214,2.000000,86.140338
12461,10000.000000,1.000000,True,True,0.000000,6.000000,75.917382
12461,20000.000000,1.000000,True,True,0.000000,29.000000,41.947951
12462,5000.000000,1.000000,True,True,0.000000,4.000000,85.545999
12462,10000.000000,0.750000,False,True,1.000000,9.500000,75.675019
12462,20000.000000,1.000000,True,True,0.000000,32.000000,40.448572
12463,5000.000000,1.000000,True,True,0.000000,2.500000,84.754505
12463,10000.000000,1.000000,True,True,0.000000,7.000000,71.032281
12463,20000.000000,1.000000,True,True,0.000000,33.000000,39.896308
12464,5000.000000,1.000000,True,True,0.000000,2.500000,83.813689
12464,10000.000000,1.000000,True,True,0.000000,11.500000,68.423154
12464,20000.000000,1.000000,True,True,0.000000,41.000000,42.279240
12465,5000.000000,0.750000,False,True,1.000000,1.500000,81.787465
12465,10000.000000,0.750000,False,True,1.000000,7.000000,68.223389
12465,20000.000000,1.000000,True,True,0.000000,31.500000,41.242266
12466,5000.000000,1.000000,True,True,0.000000,1.500000,86.949455
12466,10000.000000,1.000000,True,True,0.000000,10.000000,70.947760
12466,20000.000000,1.000000,True,True,0.000000,37.000000,42.003117
12467,5000.000000,1.000000,True,True,0.000000,1.000000,83.635656
12467,10000.000000,1.000000,True,True,0.000000,8.000000,70.809596
12467,20000.000000,1.000000,True,True,0.000000,32.500000,43.591318
12468,5000.000000,1.000000,True,True,0.000000,2.500000,85.318448
12468,10000.000000,1.000000,True,True,0.000000,7.000000,75.944350
12468,20000.000000,1.000000,True,True,0.000000,29.000000,40.972748
12469,5000.000000,0.750000,False,True,1.000000,2.500000,87.371128
12469,10000.000000,1.000000,True,True,0.000000,7.000000,74.683942
12469,20000.000000,1.000000,True,True,0.000000,30.000000,42.238855
12470,5000.000000,1.000000,True,True,0.000000,1.000000,88.165786
12470,10000.000000,1.000000,True,True,0.000000,5.000000,65.310423
12470,20000.000000,1.000000,True,True,0.000000,32.000000,37.228691
12471,5000.000000,1.000000,True,True,0.000000,2.500000,85.123784
12471,10000.000000,1.000000,True,True,0.000000,7.500000,71.287489
12471,20000.000000,1.000000,True,True,0.000000,28.500000,39.797426
12472,5000.000000,0.500000,False,True,1.414214,1.000000,83.872653
12472,10000.000000,0.750000,False,True,1.000000,7.000000,64.591660
12472,20000.000000,1.000000,True,True,0.000000,30.500000,37.217076
12473,5000.000000,1.000000,True,True,0.000000,2.000000,86.519983
12473,10000.000000,1.000000,True,True,0.000000,10.000000,71.615639
12473,20000.000000,1.000000,True,True,0.000000,28.000000,44.044124
12474,5000.000000,1.000000,True,True,0.000000,1.500000,78.966146
12474,10000.000000,1.000000,True,True,0.000000,4.500000,61.045889
12474,20000.000000,1.000000,True,True,0.000000,31.500000,34.622742
12475,5000.000000,0.750000,False,True,1.000000,1.000000,83.820769
12475,10000.000000,1.000000,True,True,0.000000,8.000000,77.964957
12475,20000.000000,1.000000,True,True,0.000000,32.500000,41.612669
12476,5000.000000,1.000000,True,True,0.000000,2.500000,88.736421
12476,10000.000000,1.000000,True,True,0.000000,8.000000,69.555985
12476,20000.000000,1.000000,True,True,0.000000,31.000000,39.384168
12477,5000.000000,0.750000,False,True,1.000000,1.000000,84.157244
12477,10000.000000,1.000000,True,True,0.000000,5.500000,66.780198
12477,20000.000000,0.750000,False,True,1.000000,28.500000,38.190229
12478,5000.000000,1.000000,True,True,0.000000,4.000000,83.977345
12478,10000.000000,1.000000,True,True,0.000000,13.000000,73.061269
12478,20000.000000,1.000000,True,True,0.000000,40.500000,47.485150
12479,5000.000000,1.000000,True,True,0.000000,1.000000,82.901361
12479,10000.000000,1.000000,True,True,0.000000,3.500000,65.716592
12479,20000.000000,1.000000,True,True,0.000000,24.500000,32.487383
12480,5000.000000,0.500000,False,True,1.414214,2.000000,79.165507
12480,10000.000000,1.000000,True,True,0.000000,5.000000,67.917011
12480,20000.000000,1.000000,True,True,0.000000,27.500000,33.797573
12481,5000.000000,1.000000,True,True,0.000000,2.000000,84.012369
12481,10000.000000,1.000000,True,True,0.000000,6.500000,69.233938
12481,20000.000000,1.000000,True,True,0.000000,28.000000,38.826927
12482,5000.000000,1.000000,True,True,0.000000,3.000000,86.137837
12482,10000.000000,1.000000,True,True,0.000000,9.000000,73.764378
12482,20000.000000,1.000000,True,True,0.000000,30.500000,45.189900
12483,5000.000000,1.000000,True,True,0.000000,1.000000,85.344368
12483,10000.000000,1.000000,True,True,0.000000,6.500000,70.525124
12483,20000.000000,1.000000,True,True,0.000000,28.500000,38.438902
12484,5000.000000,0.500000,False,True,1.000000,2.000000,81.610081
12484,10000.000000,1.000000,True,True,0.000000,8.000000,71.073095
12484,20000.000000,1.000000,True,True,0.000000,30.500000,41.636229
12485,5000.000000,1.000000,True,True,0.000000,4.000000,86.444045
12485,10000.000000,1.000000,True,True,0.000000,11.500000,76.382364
12485,20000.000000,1.000000,True,True,0.000000,30.000000,48.789745
12486,5000.000000,1.000000,True,True,0.000000,4.500000,86.428716
12486,10000.000000,1.000000,True,True,0.000000,11.500000,71.174010
12486,20000.000000,1.000000,True,True,0.000000,36.500000,44.218081
12487,5000.000000,0.750000,False,True,1.000000,4.000000,85.368616
12487,10000.000000,1.000000,True,True,0.000000,7.000000,76.695072
12487,20000.000000,1.000000,True,True,0.000000,29.500000,40.293247
12488,5000.000000,0.750000,False,True,1.000000,2.500000,84.021150
12488,10000.000000,1.000000,True,True,0.000000,5.500000,74.957104
12488,20000.000000,1.000000,True,True,0.000000,25.500000,43.140715
12489,5000.000000,0.750000,False,True,1.000000,2.000000,81.987030
12489,10000.000000,1.000000,True,True,0.000000,7.500000,71.074486
12489,20000.000000,1.000000,True,True,0.000000,27.500000,39.609319
12490,5000.000000,1.000000,True,True,0.000000,1.000000,84.802656
12490,10000.000000,1.000000,True,True,0.000000,7.000000,67.277102
12490,20000.000000,1.000000,True,True,0.000000,36.500000,38.822848
12491,5000.000000,1.000000,True,True,0.000000,3.500000,80.804440
12491,10000.000000,1.000000,True,True,0.000000,9.000000,68.804489
12491,20000.000000,1.000000,True,True,0.000000,31.500000,40.313858
12492,5000.000000,1.000000,True,True,0.000000,1.000000,82.272489
12492,10000.000000,1.000000,True,True,0.000000,6.000000,69.511430
12492,20000.000000,1.000000,True,True,0.000000,33.500000,37.322556
12493,5000.000000,1.000000,True,True,0.000000,1.500000,84.607772
12493,10000.000000,1.000000,True,True,0.000000,6.000000,65.071730
12493,20000.000000,1.000000,True,True,0.000000,32.000000,37.620083
12494,5000.000000,0.750000,False,True,1.000000,1.500000,88.076818
12494,10000.000000,1.000000,True,True,0.000000,8.000000,69.323913
12494,20000.000000,1.000000,True,True,0.000000,39.000000,39.791326
12495,5000.000000,1.000000,True,True,0.000000,3.000000,81.148502
12495,10000.000000,1.000000,True,True,0.000000,8.000000,70.149029
12495,20000.000000,1.000000,True,True,0.000000,28.000000,41.899671
12496,5000.000000,1.000000,True,True,0.000000,2.000000,85.771627
12496,10000.000000,1.000000,True,True,0.000000,8.000000,71.093834
12496,20000.000000,1.000000,True,True,0.000000,34.500000,42.759628
12497,5000.000000,0.750000,False,True,1.000000,1.500000,86.553670
12497,10000.000000,1.000000,True,True,0.000000,7.000000,68.113206
12497,20000.000000,1.000000,True,True,0.000000,33.500000,38.681839
12498,5000.000000,1.000000,True,True,0.000000,1.500000,82.757580
12498,10000.000000,0.750000,False,True,1.000000,7.500000,69.182222
12498,20000.000000,1.000000,True,True,0.000000,30.000000,39.623431
12499,5000.000000,1.000000,True,True,0.000000,3.500000,87.095365
12499,10000.000000,1.000000,True,True,0.000000,8.500000,70.468298
12499,20000.000000,1.000000,True,True,0.000000,34.000000,42.470921
12500,5000.000000,0.750000,False,True,2.000000,1.500000,79.956675
12500,10000.000000,1.000000,True,True,0.000000,8.500000,67.140658
12500,20000.000000,1.000000,True,True,0.000000,35.000000,42.340826
12501,5000.000000,0.500000,False,True,1.000000,2.000000,82.378161
12501,10000.000000,1.000000,True,True,0.000000,11.500000,69.125494
12501,20000.000000,1.000000,True,True,0.000000,42.000000,43.513797
12502,5000.000000,0.750000,False,True,1.000000,2.000000,86.764635
12502,10000.000000,1.000000,True,True,0.000000,6.000000,69.699498
12502,20000.000000,1.000000,True,True,0.000000,32.500000,36.418935
12503,5000.000000,1.000000,True,True,0.000000,2.000000,84.987698
12503,10000.000000,1.000000,True,True,0.000000,8.500000,74.484669
12503,20000.000000,1.000000,True,True,0.000000,27.000000,42.648546
12504,5000.000000,0.750000,False,True,2.000000,1.000000,79.264864
12504,10000.000000,0.750000,False,True,1.000000,8.000000,64.261676
12504,20000.000000,1.000000,True,True,0.000000,33.000000,39.186880
12505,5000.000000,0.500000,False,True,1.000000,4.000000,86.794791
12505,10000.000000,1.000000,True,True,0.000000,8.500000,76.407988
12505,20000.000000,1.000000,True,True,0.000000,30.500000,40.189065
12506,5000.000000,0.750000,False,True,1.000000,2.000000,85.221716
12506,10000.000000,1.000000,True,True,0.000000,9.500000,70.629594
12506,20000.000000,1.000000,True,True,0.000000,31.500000,38.896839
12507,5000.000000,1.000000,True,True,0.000000,1.000000,89.338899
12507,10000.000000,1.000000,True,True,0.000000,9.000000,68.441912
12507,20000.000000,1.000000,True,True,0.000000,28.500000,43.737798
12508,5000.000000,0.750000,False,True,1.000000,2.000000,82.713880
12508,10000.000000,1.000000,True,True,0.000000,9.000000,69.490457
12508,20000.000000,1.000000,True,True,0.000000,31.500000,43.384400
12509,5000.000000,1.000000,True,True,0.000000,2.000000,81.848574
12509,10000.000000,1.000000,True,True,0.000000,6.500000,70.337614
12509,20000.000000,0.750000,False,True,1.000000,33.500000,41.194865
12510,5000.000000,0.000000,False,True,1.414214,2.000000,81.581610
12510,10000.000000,0.750000,False,True,1.000000,5.500000,69.157926
12510,20000.000000,1.000000,True,True,0.000000,28.500000,42.796838
12511,5000.000000,0.500000,False,True,1.414214,2.000000,86.198208
12511,10000.000000,1.000000,True,True,0.000000,6.000000,70.580651
12511,20000.000000,1.000000,True,True,0.000000,34.000000,41.548481
12512,5000.000000,1.000000,True,True,0.000000,2.500000,84.314185
12512,10000.000000,1.000000,True,True,0.000000,6.500000,72.489939
12512,20000.000000,0.750000,False,True,1.000000,36.500000,41.055033
12513,5000.000000,1.000000,True,True,0.000000,3.000000,86.395102
12513,10000.000000,1.000000,True,True,0.000000,11.000000,73.111400
12513,20000.000000,1.000000,True,True,0.000000,31.500000,43.662498
12514,5000.000000,0.750000,False,True,1.414214,1.500000,83.352735
12514,10000.000000,1.000000,True,True,0.000000,5.000000,72.618657
12514,20000.000000,1.000000,True,True,0.000000,29.000000,38.324351
12515,5000.000000,1.000000,True,True,0.000000,1.000000,85.527567
12515,10000.000000,1.000000,True,True,0.000000,8.500000,69.646076
12515,20000.000000,1.000000,True,True,0.000000,31.500000,44.787229
12516,5000.000000,1.000000,True,True,0.000000,2.000000,84.910712
12516,10000.000000,1.000000,True,True,0.000000,8.000000,74.387042
12516,20000.000000,1.000000,True,True,0.000000,30.500000,38.592608
12517,5000.000000,1.000000,True,True,0.000000,2.000000,85.969983
12517,10000.000000,1.000000,True,True,0.000000,8.000000,73.339660
12517,20000.000000,1.000000,True,True,0.000000,33.000000,38.344907
12518,5000.000000,1.000000,True,True,0.000000,3.000000,84.072301
12518,10000.000000,1.000000,True,True,0.000000,5.500000,73.161372
12518,20000.000000,1.000000,True,True,0.000000,30.500000,36.810404
12519,5000.000000,1.000000,True,True,0.000000,1.500000,86.292673
12519,10000.000000,1.000000,True,True,0.000000,7.000000,72.047202
12519,20000.000000,1.000000,True,True,0.000000,31.500000,38.973666
12520,5000.000000,1.000000,True,True,0.000000,2.000000,83.613206
12520,10000.000000,1.000000,True,True,0.000000,7.500000,73.799067
12520,20000.000000,1.000000,True,True,0.000000,26.000000,43.534938
12521,5000.000000,1.000000,True,True,0.000000,3.000000,82.334691
12521,10000.000000,1.000000,True,True,0.000000,9.500000,71.773868
12521,20000.000000,1.000000,True,True,0.000000,27.000000,50.751808
12522,5000.000000,0.750000,False,True,1.000000,1.000000,87.930301
12522,10000.000000,0.750000,False,True,1.000000,9.500000,66.679870
12522,20000.000000,1.000000,True,True,0.000000,38.500000,42.193082
12523,5000.000000,1.000000,True,True,0.000000,1.500000,80.750612
12523,10000.000000,0.750000,False,True,1.000000,7.500000,69.680239
12523,20000.000000,1.000000,True,True,0.000000,39.500000,38.453373
12524,5000.000000,1.000000,True,True,0.000000,2.500000,85.568728
12524,10000.000000,1.000000,True,True,0.000000,7.500000,71.723394
12524,20000.000000,1.000000,True,True,0.000000,30.500000,43.138367
12525,5000.000000,1.000000,True,True,0.000000,1.500000,86.050331
12525,10000.000000,1.000000,True,True,0.000000,6.500000,70.203819
12525,20000.000000,1.000000,True,True,0.000000,32.500000,38.534911
12526,5000.000000,1.000000,True,True,0.000000,1.500000,82.780299
12526,10000.000000,1.000000,True,True,0.000000,3.500000,71.925405
12526,20000.000000,1.000000,True,True,0.000000,31.000000,33.311718
12527,5000.000000,0.500000,False,True,1.000000,2.500000,85.631506
12527,10000.000000,1.000000,True,True,0.000000,9.000000,71.156434
12527,20000.000000,1.000000,True,True,0.000000,33.500000,41.911040
12528,5000.000000,1.000000,True,True,0.000000,3.000000,81.404649
12528,10000.000000,1.000000,True,True,0.000000,11.500000,72.252806
12528,20000.000000,1.000000,True,True,0.000000,33.500000,44.686858
12529,5000.000000,1.000000,True,True,0.000000,3.000000,86.011715
12529,10000.000000,1.000000,True,True,0.000000,9.500000,75.626564
12529,20000.000000,1.000000,True,True,0.000000,32.000000,41.509714
12530,5000.000000,1.000000,True,True,0.000000,1.500000,79.306292
12530,10000.000000,1.000000,True,True,0.000000,7.500000,68.685925
12530,20000.000000,1.000000,True,True,0.000000,33.000000,42.274265
12531,5000.000000,1.000000,True,True,0.000000,2.000000,83.692512
12531,10000.000000,1.000000,True,True,0.000000,9.500000,72.903096
12531,20000.000000,1.000000,True,True,0.000000,32.500000,46.648880
12532,5000.000000,1.000000,True,True,0.000000,2.000000,85.874066
12532,10000.000000,1.000000,True,True,0.000000,7.500000,71.789238
12532,20000.000000,0.750000,False,True,1.000000,30.000000,39.303987
12533,5000.000000,0.750000,False,True,1.000000,3.000000,87.994486
12533,10000.000000,1.000000,True,True,0.000000,6.000000,82.739448
12533,20000.000000,1.000000,True,True,0.000000,25.500000,41.662512
12534,5000.000000,1.000000,True,True,0.000000,2.500000,86.692773
12534,10000.000000,1.000000,True,True,0.000000,6.500000,79.145569
12534,20000.000000,1.000000,True,True,0.000000,27.500000,45.949518
12535,5000.000000,1.000000,True,True,0.000000,3.500000,84.968023
12535,10000.000000,1.000000,True,True,0.000000,13.500000,73.024069
12535,20000.000000,1.000000,True,True,0.000000,41.000000,44.052373
12536,5000.000000,0.750000,False,True,1.000000,2.000000,85.456760
12536,10000.000000,1.000000,True,True,0.000000,5.500000,72.585927
12536,20000.000000,1.000000,True,True,0.000000,22.500000,41.084298
12537,5000.000000,1.000000,True,True,0.000000,2.000000,76.178694
12537,10000.000000,1.000000,True,True,0.000000,6.500000,64.057289
12537,20000.000000,1.000000,True,True,0.000000,28.500000,37.057494
12538,5000.000000,1.000000,True,True,0.000000,1.000000,87.866549
12538,10000.000000,1.000000,True,True,0.000000,3.500000,70.328744
12538,20000.000000,1.000000,True,True,0.000000,27.500000,33.007600
12539,5000.000000,1.000000,True,True,0.000000,1.000000,85.480494
12539,10000.000000,1.000000,True,True,0.000000,9.000000,78.693754
12539,20000.000000,1.000000,True,True,0.000000,34.000000,42.997132
12540,5000.000000,1.000000,True,True,0.000000,1.500000,84.709017
12540,10000.000000,1.000000,True,True,0.000000,7.000000,71.094087
12540,20000.000000,1.000000,True,True,0.000000,28.500000,41.201027
12541,5000.000000,1.000000,True,True,0.000000,2.000000,84.336007
12541,10000.000000,1.000000,True,True,0.000000,7.000000,74.987911
12541,20000.000000,1.000000,True,True,0.000000,35.000000,44.135904
12542,5000.000000,1.000000,True,True,0.000000,1.000000,86.673508
12542,10000.000000,1.000000,True,True,0.000000,6.000000,65.368131
12542,20000.000000,1.000000,True,True,0.000000,28.000000,38.304140
12543,5000.000000,1.000000,True,True,0.000000,2.500000,83.274104
12543,10000.000000,1.000000,True,True,0.000000,6.000000,76.643682
12543,20000.000000,1.000000,True,True,0.000000,35.000000,40.024159
12544,5000.000000,0.750000,False,True,1.000000,1.000000,85.742299
12544,10000.000000,1.000000,True,True,0.000000,6.000000,63.142090
12544,20000.000000,1.000000,True,True,0.000000,26.500000,42.340689
12545,5000.000000,1.000000,True,True,0.000000,3.000000,83.569907
12545,10000.000000,1.000000,True,True,0.000000,7.000000,69.264436
12545,20000.000000,1.000000,True,True,0.000000,28.500000,41.711585
12546,5000.000000,1.000000,True,True,0.000000,2.500000,87.124719
12546,10000.000000,1.000000,True,True,0.000000,9.000000,68.254332
12546,20000.000000,1.000000,True,True,0.000000,32.000000,39.033695
12547,5000.000000,1.000000,True,True,0.000000,2.000000,83.590479
12547,10000.000000,1.000000,True,True,0.000000,12.000000,71.043027
12547,20000.000000,1.000000,True,True,0.000000,34.500000,45.672637
12548,5000.000000,1.000000,True,True,0.000000,1.000000,77.896412
12548,10000.000000,1.000000,True,True,0.000000,5.000000,65.249439
12548,20000.000000,1.000000,True,True,0.000000,34.000000,36.300253
12549,5000.000000,1.000000,True,True,0.000000,4.000000,87.263946
12549,10000.000000,1.000000,True,True,0.000000,13.000000,70.132118
12549,20000.000000,1.000000,True,True,0.000000,38.500000,44.649569
12550,5000.000000,1.000000,True,True,0.000000,2.000000,83.034062
12550,10000.000000,1.000000,True,True,0.000000,6.000000,67.022599
12550,20000.000000,1.000000,True,True,0.000000,31.000000,40.201424
12551,5000.000000,1.000000,True,True,0.000000,1.000000,87.433180
12551,10000.000000,1.000000,True,True,0.000000,6.500000,64.550300
12551,20000.000000,1.000000,True,True,0.000000,30.000000,38.800568
12552,5000.000000,0.750000,False,True,1.000000,2.000000,85.707710
12552,10000.000000,1.000000,True,True,0.000000,11.500000,71.081043
12552,20000.000000,1.000000,True,True,0.000000,35.000000,45.834955
12553,5000.000000,1.000000,True,True,0.000000,1.000000,85.062245
12553,10000.000000,1.000000,True,True,0.000000,5.000000,74.294971
12553,20000.000000,1.000000,True,True,0.000000,29.000000,35.762395
12554,5000.000000,0.750000,False,True,1.000000,2.000000,86.365880
12554,10000.000000,1.000000,True,True,0.000000,7.500000,75.075577
12554,20000.000000,1.000000,True,True,0.000000,33.500000,44.082594
12555,5000.000000,0.750000,False,True,1.000000,1.500000,79.839140
12555,10000.000000,1.000000,True,True,0.000000,9.000000,69.017529
12555,20000.000000,1.000000,True,True,0.000000,34.500000,40.898715
12556,5000.000000,0.750000,False,True,1.414214,2.000000,82.684317
12556,10000.000000,1.000000,True,True,0.000000,8.000000,70.150639
12556,20000.000000,1.000000,True,True,0.000000,33.500000,40.375896
12557,5000.000000,0.500000,False,True,1.414214,2.500000,86.794799
12557,10000.000000,1.000000,True,True,0.000000,8.000000,72.444645
12557,20000.000000,1.000000,True,True,0.000000,36.500000,39.809514
12558,5000.000000,1.000000,True,True,0.000000,2.500000,83.178327
12558,10000.000000,1.000000,True,True,0.000000,9.500000,74.446273
12558,20000.000000,1.000000,True,True,0.000000,34.000000,46.992770
12559,5000.000000,0.750000,False,True,1.414214,1.500000,77.190923
12559,10000.000000,1.000000,True,True,0.000000,6.500000,68.410242
12559,20000.000000,1.000000,True,True,0.000000,31.000000,39.845107
12560,5000.000000,1.000000,True,True,0.000000,2.500000,85.901847
12560,10000.000000,1.000000,True,True,0.000000,7.000000,77.152567
12560,20000.000000,1.000000,True,True,0.000000,25.000000,40.095504
12561,5000.000000,1.000000,True,True,0.000000,3.500000,86.267744
12561,10000.000000,1.000000,True,True,0.000000,10.000000,75.014264
12561,20000.000000,1.000000,True,True,0.000000,30.500000,43.114975
12562,5000.000000,1.000000,True,True,0.000000,1.000000,78.477020
12562,10000.000000,1.000000,True,True,0.000000,3.500000,70.275169
12562,20000.000000,1.000000,True,True,0.000000,21.000000,39.457557
12563,5000.000000,0.750000,False,True,1.414214,2.000000,76.320611
12563,10000.000000,1.000000,True,True,0.000000,9.000000,68.354554
12563,20000.000000,1.000000,True,True,0.000000,35.500000,40.922651
12564,5000.000000,1.000000,True,True,0.000000,1.500000,84.703819
12564,10000.000000,1.000000,True,True,0.000000,7.000000,65.239658
12564,20000.000000,1.000000,True,True,0.000000,33.500000,38.132753
12565,5000.000000,1.000000,True,True,0.000000,1.000000,76.563551
12565,10000.000000,1.000000,True,True,0.000000,3.500000,63.375394
12565,20000.000000,1.000000,True,True,0.000000,22.500000,29.716112
12566,5000.000000,0.750000,False,True,1.000000,1.000000,81.155810
12566,10000.000000,1.000000,True,True,0.000000,6.000000,69.086543
12566,20000.000000,1.000000,True,True,0.000000,34.500000,35.983102
12567,5000.000000,0.750000,False,True,1.000000,2.500000,83.271930
12567,10000.000000,1.000000,True,True,0.000000,9.500000,70.847150
12567,20000.000000,1.000000,True,True,0.000000,35.500000,46.414882
12568,5000.000000,0.750000,False,True,1.000000,2.500000,81.687254
12568,10000.000000,1.000000,True,True,0.000000,9.000000,72.101902
12568,20000.000000,0.750000,False,True,1.000000,35.500000,43.605476
12569,5000.000000,1.000000,True,True,0.000000,1.500000,80.962983
12569,10000.000000,1.000000,True,True,0.000000,5.000000,69.578282
12569,20000.000000,1.000000,True,True,0.000000,31.500000,37.180657
12570,5000.000000,1.000000,True,True,0.000000,1.500000,85.367687
12570,10000.000000,1.000000,True,True,0.000000,7.500000,63.398791
12570,20000.000000,1.000000,True,True,0.000000,32.000000,40.649950
12571,5000.000000,1.000000,True,True,0.000000,1.000000,89.542297
12571,10000.000000,1.000000,True,True,0.000000,7.500000,68.080652
12571,20000.000000,1.000000,True,True,0.000000,30.000000,38.765115
12572,5000.000000,1.000000,True,True,0.000000,1.500000,87.725748
12572,10000.000000,1.000000,True,True,0.000000,5.500000,78.307416
12572,20000.000000,1.000000,True,True,0.000000,29.500000,35.310192
12573,5000.000000,1.000000,True,True,0.000000,2.500000,84.638645
12573,10000.000000,1.000000,True,True,0.000000,7.000000,75.401658
12573,20000.000000,1.000000,True,True,0.000000,30.500000,42.478522
12574,5000.000000,1.000000,True,True,0.000000,1.000000,85.634620
12574,10000.000000,1.000000,True,True,0.000000,6.000000,73.426493
12574,20000.000000,1.000000,True,True,0.000000,28.000000,37.411255
12575,5000.000000,1.000000,True,True,0.000000,2.500000,84.370093
12575,10000.000000,1.000000,True,True,0.000000,5.000000,73.796645
12575,20000.000000,1.000000,True,True,0.000000,33.500000,38.164641
12576,5000.000000,0.500000,False,True,1.414214,1.500000,84.814090
12576,10000.000000,1.000000,True,True,0.000000,6.000000,70.112682
12576,20000.000000,1.000000,True,True,0.000000,31.500000,39.668359
12577,5000.000000,0.750000,False,True,1.000000,2.500000,82.415600
12577,10000.000000,1.000000,True,True,0.000000,9.000000,72.569978
12577,20000.000000,1.000000,True,True,0.000000,29.500000,44.599507
12578,5000.000000,0.750000,False,True,1.414214,1.000000,80.292045
12578,10000.000000,1.000000,True,True,0.000000,6.500000,67.682036
12578,20000.000000,1.000000,True,True,0.000000,29.500000,36.627136
12579,5000.000000,1.000000,True,True,0.000000,1.000000,72.619203
12579,10000.000000,1.000000,True,True,0.000000,2.000000,65.177648
12579,20000.000000,1.000000,True,True,0.000000,27.500000,30.863619
12580,5000.000000,1.000000,True,True,0.000000,3.000000,84.698332
12580,10000.000000,1.000000,True,True,0.000000,11.500000,70.511818
12580,20000.000000,1.000000,True,True,0.000000,36.500000,44.464538
12581,5000.000000,0.750000,False,True,1.000000,1.500000,82.956359
12581,10000.000000,1.000000,True,True,0.000000,8.500000,68.409552
12581,20000.000000,1.000000,True,True,0.000000,33.000000,40.061232
12582,5000.000000,1.000000,True,True,0.000000,1.500000,84.829675
12582,10000.000000,1.000000,True,True,0.000000,5.500000,68.352213
12582,20000.000000,1.000000,True,True,0.000000,23.500000,38.756698
12583,5000.000000,1.000000,True,True,0.000000,1.500000,87.405592
12583,10000.000000,1.000000,True,True,0.000000,8.500000,70.370357
12583,20000.000000,1.000000,True,True,0.000000,34.500000,43.689542
12584,5000.000000,1.000000,True,True,0.000000,1.500000,83.091131
12584,10000.000000,1.000000,True,True,0.000000,7.000000,68.363788
12584,20000.000000,0.750000,False,True,1.000000,27.500000,39.699279
12585,5000.000000,1.000000,True,True,0.000000,1.500000,86.755572
12585,10000.000000,1.000000,True,True,0.000000,6.000000,71.784074
12585,20000.000000,1.000000,True,True,0.000000,29.000000,37.126984
12586,5000.000000,1.000000,True,True,0.000000,2.000000,83.072766
12586,10000.000000,1.000000,True,True,0.000000,6.000000,70.430414
12586,20000.000000,1.000000,True,True,0.000000,37.000000,40.784054
12587,5000.000000,1.000000,True,True,0.000000,2.500000,87.620383
12587,10000.000000,1.000000,True,True,0.000000,10.000000,73.358858
12587,20000.000000,1.000000,True,True,0.000000,36.500000,45.932368
12588,5000.000000,1.000000,True,True,0.000000,3.500000,85.546096
12588,10000.000000,1.000000,True,True,0.000000,11.500000,72.433022
12588,20000.000000,1.000000,True,True,0.000000,34.500000,44.215236
12589,5000.000000,0.750000,False,True,1.000000,3.000000,85.721016
12589,10000.000000,1.000000,True,True,0.000000,10.000000,73.581131
12589,20000.000000,1.000000,True,True,0.000000,33.000000,43.142222
12590,5000.000000,0.500000,False,True,1.000000,5.500000,85.279528
12590,10000.000000,1.000000,True,True,0.000000,12.500000,76.112713
12590,20000.000000,1.000000,True,True,0.000000,37.500000,43.066672
12591,5000.000000,1.000000,True,True,0.000000,2.500000,86.824375
12591,10000.000000,1.000000,True,True,0.000000,10.000000,67.905981
12591,20000.000000,1.000000,True,True,0.000000,35.500000,39.019832
12592,5000.000000,0.750000,False,True,1.000000,2.500000,88.436417
12592,10000.000000,1.000000,True,True,0.000000,7.000000,72.759068
12592,20000.000000,1.000000,True,True,0.000000,30.000000,41.983852
12593,5000.000000,1.000000,True,True,0.000000,2.000000,86.423366
12593,10000.000000,1.000000,True,True,0.000000,5.000000,69.345538
12593,20000.000000,1.000000,True,True,0.000000,22.000000,37.460320
12594,5000.000000,0.500000,False,True,1.414214,3.500000,85.779251
12594,10000.000000,1.000000,True,True,0.000000,8.000000,76.673852
12594,20000.000000,1.000000,True,True,0.000000,28.500000,42.786024
12595,5000.000000,0.500000,False,True,1.000000,2.000000,82.194235
12595,10000.000000,1.000000,True,True,0.000000,7.000000,72.236742
12595,20000.000000,1.000000,True,True,0.000000,29.500000,41.482981
12596,5000.000000,1.000000,True,True,0.000000,2.000000,86.579088
12596,10000.000000,1.000000,True,True,0.000000,8.500000,69.829111
12596,20000.000000,1.000000,True,True,0.000000,33.500000,41.793368
12597,5000.000000,0.500000,False,True,1.414214,2.000000,85.066293
12597,10000.000000,1.000000,True,True,0.000000,5.500000,73.761521
12597,20000.000000,1.000000,True,True,0.000000,29.500000,38.010918
12598,5000.000000,1.000000,True,True,0.000000,2.000000,86.059338
12598,10000.000000,1.000000,True,True,0.000000,8.000000,72.429079
12598,20000.000000,1.000000,True,True,0.000000,34.500000,40.183129
12599,5000.000000,0.750000,False,True,1.000000,1.500000,88.408498
12599,10000.000000,1.000000,True,True,0.000000,6.500000,71.388271
12599,20000.000000,1.000000,True,True,0.000000,30.500000,42.324403
12600,5000.000000,1.000000,True,True,0.000000,1.000000,82.496275
12600,10000.000000,1.000000,True,True,0.000000,8.000000,70.558779
12600,20000.000000,1.000000,True,True,0.000000,29.000000,43.353868
12601,5000.000000,0.750000,False,True,1.000000,1.500000,81.271555
12601,10000.000000,1.000000,True,True,0.000000,8.500000,69.558256
12601,20000.000000,1.000000,True,True,0.000000,28.500000,44.144330
12602,5000.000000,0.750000,False,True,1.000000,2.000000,82.375092
12602,10000.000000,1.000000,True,True,0.000000,11.500000,71.624240
12602,20000.000000,1.000000,True,True,0.000000,36.000000,44.108612
12603,5000.000000,1.000000,True,True,0.000000,2.000000,86.154022
12603,10000.000000,1.000000,True,True,0.000000,4.500000,79.188965
12603,20000.000000,1.000000,True,True,0.000000,31.000000,38.854033
12604,5000.000000,1.000000,True,True,0.000000,2.500000,84.271522
12604,10000.000000,1.000000,True,True,0.000000,7.500000,75.629380
12604,20000.000000,1.000000,True,True,0.000000,28.500000,39.019511
12605,5000.000000,0.750000,False,True,3.000000,1.500000,66.288920
12605,10000.000000,1.000000,True,True,0.000000,2.500000,59.877808
12605,20000.000000,1.000000,True,True,0.000000,26.000000,30.722982
12606,5000.000000,1.000000,True,True,0.000000,1.000000,79.106719
12606,10000.000000,0.750000,False,True,1.000000,5.500000,69.914813
12606,20000.000000,1.000000,True,True,0.000000,25.000000,43.803898
12607,5000.000000,1.000000,True,True,0.000000,3.500000,80.610170
12607,10000.000000,1.000000,True,True,0.000000,7.500000,68.573436
12607,20000.000000,1.000000,True,True,0.000000,29.000000,44.688295
12608,5000.000000,0.250000,False,True,1.000000,1.500000,82.220279
12608,10000.000000,1.000000,True,True,0.000000,7.500000,72.600775
12608,20000.000000,1.000000,True,True,0.000000,26.500000,45.765855
12609,5000.000000,1.000000,True,True,0.000000,2.000000,82.372344
12609,10000.000000,1.000000,True,True,0.000000,7.000000,69.185334
12609,20000.000000,1.000000,True,True,0.000000,34.000000,40.438730
12610,5000.000000,1.000000,True,True,0.000000,2.500000,88.586548
12610,10000.000000,1.000000,True,True,0.000000,10.000000,71.355857
12610,20000.000000,1.000000,True,True,0.000000,35.500000,42.196547
12611,5000.000000,1.000000,True,True,0.000000,3.000000,83.126122
12611,10000.000000,1.000000,True,True,0.000000,12.500000,74.495229
12611,20000.000000,1.000000,True,True,0.000000,28.500000,48.247891
12612,5000.000000,1.000000,True,True,0.000000,1.000000,84.340290
12612,10000.000000,1.000000,True,True,0.000000,8.500000,66.469301
12612,20000.000000,1.000000,True,True,0.000000,34.000000,41.840734
12613,5000.000000,0.500000,False,True,1.000000,2.000000,84.947758
12613,10000.000000,1.000000,True,True,0.000000,7.500000,72.310336
12613,20000.000000,1.000000,True,True,0.000000,33.000000,41.737767
12614,5000.000000,1.000000,True,True,0.000000,2.500000,85.123114
12614,10000.000000,1.000000,True,True,0.000000,9.000000,72.311262
12614,20000.000000,1.000000,True,True,0.000000,35.500000,38.721368
12615,5000.000000,1.000000,True,True,0.000000,1.000000,85.226174
12615,10000.000000,1.000000,True,True,0.000000,7.500000,79.303837
12615,20000.000000,1.000000,True,True,0.000000,31.000000,42.414999
12616,5000.000000,0.750000,False,True,1.414214,3.000000,80.426935
12616,10000.000000,0.500000,False,True,1.000000,7.500000,68.340387
12616,20000.000000,1.000000,True,True,0.000000,33.500000,42.240187
12617,5000.000000,1.000000,True,True,0.000000,1.000000,85.978367
12617,10000.000000,1.000000,True,True,0.000000,5.500000,69.817594
12617,20000.000000,1.000000,True,True,0.000000,30.000000,37.324509
12618,5000.000000,0.750000,False,True,1.000000,4.000000,87.131598
12618,10000.000000,1.000000,True,True,0.000000,13.500000,74.411605
12618,20000.000000,1.000000,True,True,0.000000,38.000000,46.592862
12619,5000.000000,1.000000,True,True,0.000000,2.000000,86.606355
12619,10000.000000,1.000000,True,True,0.000000,8.500000,74.473711
12619,20000.000000,1.000000,True,True,0.000000,30.500000,39.279431
12620,5000.000000,0.750000,False,True,1.000000,1.500000,83.246027
12620,10000.000000,0.750000,False,True,1.000000,7.500000,64.965781
12620,20000.000000,1.000000,True,True,0.000000,27.000000,38.621735
12621,5000.000000,1.000000,True,True,0.000000,1.000000,88.653949
12621,10000.000000,1.000000,True,True,0.000000,6.500000,69.414105
12621,20000.000000,1.000000,True,True,0.000000,25.000000,45.749989
12622,5000.000000,1.000000,True,True,0.000000,2.000000,85.275203
12622,10000.000000,1.000000,True,True,0.000000,7.000000,70.167758
12622,20000.000000,1.000000,True,True,0.000000,29.000000,43.454766
12623,5000.000000,0.750000,False,True,1.000000,2.000000,83.680281
12623,10000.000000,1.000000,True,True,0.000000,10.500000,72.079509
12623,20000.000000,1.000000,True,True,0.000000,40.000000,45.934246
12624,5000.000000,1.000000,True,True,0.000000,2.500000,88.799681
12624,10000.000000,1.000000,True,True,0.000000,7.500000,74.481717
12624,20000.000000,1.000000,True,True,0.000000,30.000000,39.604394
12625,5000.000000,0.750000,False,True,1.000000,2.000000,82.882647
12625,10000.000000,0.750000,False,True,1.000000,7.000000,69.684598
12625,20000.000000,1.000000,True,True,0.000000,31.000000,40.463650
12626,5000.000000,0.500000,False,True,1.414214,3.000000,85.507602
12626,10000.000000,1.000000,True,True,0.000000,9.500000,75.365845
12626,20000.000000,1.000000,True,True,0.000000,31.000000,45.823774
12627,5000.000000,1.000000,True,True,0.000000,2.500000,86.390850
12627,10000.000000,1.000000,True,True,0.000000,11.500000,72.007610
12627,20000.000000,1.000000,True,True,0.000000,34.500000,47.612448
12628,5000.000000,0.750000,False,True,1.000000,1.000000,72.815035
12628,10000.000000,1.000000,True,True,0.000000,5.500000,65.532100
12628,20000.000000,1.000000,True,True,0.000000,28.000000,36.268071
12629,5000.000000,1.000000,True,True,0.000000,2.500000,79.970287
12629,10000.000000,1.000000,True,True,0.000000,8.000000,65.706324
12629,20000.000000,0.750000,False,True,1.000000,32.500000,39.782445
12630,5000.000000,1.000000,True,True,0.000000,1.000000,88.422629
12630,10000.000000,1.000000,True,True,0.000000,11.500000,64.092730
12630,20000.000000,1.000000,True,True,0.000000,30.000000,41.322477
12631,5000.000000,0.750000,False,True,1.414214,2.000000,75.315682
12631,10000.000000,0.500000,False,True,1.000000,8.500000,64.674478
12631,20000.000000,1.000000,True,True,0.000000,35.000000,41.563762
12632,5000.000000,0.500000,False,True,1.414214,1.000000,80.215963
12632,10000.000000,1.000000,True,True,0.000000,7.500000,62.937248
12632,20000.000000,1.000000,True,True,0.000000,35.000000,36.630721
12633,5000.000000,0.500000,False,True,1.000000,2.000000,85.429993
12633,10000.000000,1.000000,True,True,0.000000,7.000000,69.194774
12633,20000.000000,1.000000,True,True,0.000000,31.500000,39.779413
12634,5000.000000,1.000000,True,True,0.000000,2.500000,81.026020
12634,10000.000000,1.000000,True,True,0.000000,7.500000,67.618085
12634,20000.000000,1.000000,True,True,0.000000,34.000000,41.011787
12635,5000.000000,1.000000,True,True,0.000000,2.000000,86.053065
12635,10000.000000,1.000000,True,True,0.000000,7.500000,72.922194
12635,20000.000000,1.000000,True,True,0.000000,24.000000,45.524249
12636,5000.000000,1.000000,True,True,0.000000,1.500000,86.254374
12636,10000.000000,1.000000,True,True,0.000000,4.500000,70.987154
12636,20000.000000,1.000000,True,True,0.000000,28.000000,34.124289
12637,5000.000000,1.000000,True,True,0.000000,1.000000,84.883456
12637,10000.000000,1.000000,True,True,0.000000,7.000000,72.508844
12637,20000.000000,1.000000,True,True,0.000000,32.000000,38.974161
12638,5000.000000,1.000000,True,True,0.000000,1.500000,85.856442
12638,10000.000000,1.000000,True,True,0.000000,7.500000,72.441726
12638,20000.000000,1.000000,True,True,0.000000,29.500000,40.049357
12639,5000.000000,1.000000,True,True,0.000000,1.000000,87.486605
12639,10000.000000,1.000000,True,True,0.000000,4.500000,71.852419
12639,20000.000000,1.000000,True,True,0.000000,23.500000,38.188741
12640,5000.000000,0.500000,False,True,1.000000,2.000000,83.370310
12640,10000.000000,1.000000,True,True,0.000000,6.500000,73.101135
12640,20000.000000,1.000000,True,True,0.000000,30.000000,42.197639
12641,5000.000000,0.750000,False,True,1.414214,2.000000,89.138528
12641,10000.000000,1.000000,True,True,0.000000,11.000000,72.263367
12641,20000.000000,1.000000,True,True,0.000000,30.500000,50.393846
12642,5000.000000,1.000000,True,True,0.000000,1.500000,84.143195
12642,10000.000000,1.000000,True,True,0.000000,5.000000,60.752742
12642,20000.000000,1.000000,True,True,0.000000,27.000000,33.526129
12643,5000.000000,0.750000,False,True,1.000000,3.500000,86.012139
12643,10000.000000,1.000000,True,True,0.000000,8.500000,75.987547
12643,20000.000000,1.000000,True,True,0.000000,28.500000,41.004941
12644,5000.000000,0.750000,False,True,1.000000,1.500000,82.952639
12644,10000.000000,1.000000,True,True,0.000000,7.500000,69.813965
12644,20000.000000,1.000000,True,True,0.000000,32.000000,38.259239
12645,5000.000000,1.000000,True,True,0.000000,1.000000,83.729663
12645,10000.000000,1.000000,True,True,0.000000,6.000000,70.147191
12645,20000.000000,1.000000,True,True,0.000000,29.500000,40.609955
12646,5000.000000,0.750000,False,True,1.000000,3.500000,85.795750
12646,10000.000000,1.000000,True,True,0.000000,10.500000,74.116076
12646,20000.000000,1.000000,True,True,0.000000,34.000000,50.804428
12647,5000.000000,1.000000,True,True,0.000000,3.000000,81.511445
12647,10000.000000,1.000000,True,True,0.000000,8.500000,69.721560
12647,20000.000000,1.000000,True,True,0.000000,34.500000,40.134169
12648,5000.000000,1.000000,True,True,0.000000,2.000000,87.487268
12648,10000.000000,1.000000,True,True,0.000000,9.500000,70.264846
12648,20000.000000,1.000000,True,True,0.000000,32.500000,41.381390
12649,5000.000000,0.750000,False,True,1.000000,1.000000,76.997693
12649,10000.000000,1.000000,True,True,0.000000,5.000000,68.703085
12649,20000.000000,1.000000,True,True,0.000000,26.000000,41.666775
12650,5000.000000,0.750000,False,True,1.000000,1.000000,83.967140
12650,10000.000000,1.000000,True,True,0.000000,6.000000,70.091777
12650,20000.000000,1.000000,True,True,0.000000,32.000000,40.758350
12651,5000.000000,0.750000,False,True,1.000000,3.500000,88.014061
12651,10000.000000,1.000000,True,True,0.000000,10.500000,75.978434
12651,20000.000000,1.000000,True,True,0.000000,34.000000,44.091724
12652,5000.000000,1.000000,True,True,0.000000,2.000000,89.100830
12652,10000.000000,1.000000,True,True,0.000000,5.500000,73.235504
12652,20000.000000,1.000000,True,True,0.000000,33.000000,35.385444
12653,5000.000000,1.000000,True,True,0.000000,2.500000,84.832169
12653,10000.000000,1.000000,True,True,0.000000,8.500000,71.091516
12653,20000.000000,1.000000,True,True,0.000000,32.000000,43.444982
12654,5000.000000,0.750000,False,True,2.236068,1.500000,72.499709
12654,10000.000000,1.000000,True,True,0.000000,7.500000,61.028930
12654,20000.000000,1.000000,True,True,0.000000,31.500000,37.407486
12655,5000.000000,1.000000,True,True,0.000000,1.500000,87.505372
12655,10000.000000,1.000000,True,True,0.000000,8.000000,68.269842
12655,20000.000000,1.000000,True,True,0.000000,33.500000,42.205003
12656,5000.000000,0.500000,False,True,1.000000,2.000000,86.769792
12656,10000.000000,1.000000,True,True,0.000000,7.500000,75.456066
12656,20000.000000,1.000000,True,True,0.000000,27.500000,35.923332
12657,5000.000000,1.000000,True,True,0.000000,4.000000,86.253231
12657,10000.000000,1.000000,True,True,0.000000,9.500000,75.793327
12657,20000.000000,1.000000,True,True,0.000000,25.000000,46.964905
12658,5000.000000,1.000000,True,True,0.000000,1.500000,87.215024
12658,10000.000000,1.000000,True,True,0.000000,5.000000,72.860098
12658,20000.000000,1.000000,True,True,0.000000,27.500000,42.738615
12659,5000.000000,1.000000,True,True,0.000000,1.500000,86.687462
12659,10000.000000,1.000000,True,True,0.000000,6.500000,68.246181
12659,20000.000000,1.000000,True,True,0.000000,26.000000,41.272822
12660,5000.000000,0.750000,False,True,1.000000,2.000000,83.309890
12660,10000.000000,1.000000,True,True,0.000000,9.000000,75.175515
12660,20000.000000,1.000000,True,True,0.000000,27.500000,48.674465
12661,5000.000000,0.750000,False,True,1.000000,2.000000,84.354052
12661,10000.000000,1.000000,True,True,0.000000,11.000000,68.242155
12661,20000.000000,1.000000,True,True,0.000000,34.000000,45.163970
12662,5000.000000,1.000000,True,True,0.000000,2.000000,87.212610
12662,10000.000000,1.000000,True,True,0.000000,7.000000,72.933064
12662,20000.000000,1.000000,True,True,0.000000,35.000000,41.463710
12663,5000.000000,0.750000,False,True,1.000000,3.000000,88.514299
12663,10000.000000,1.000000,True,True,0.000000,6.000000,74.188058
12663,20000.000000,1.000000,True,True,0.000000,27.500000,41.849451
12664,5000.000000,0.750000,False,True,1.000000,1.000000,78.527893
12664,10000.000000,1.000000,True,True,0.000000,6.500000,65.078530
12664,20000.000000,1.000000,True,True,0.000000,37.500000,38.346548
12665,5000.000000,1.000000,True,True,0.000000,1.000000,79.659209
12665,10000.000000,1.000000,True,True,0.000000,2.500000,64.701252
12665,20000.000000,1.000000,True,True,0.000000,21.000000,32.985810
12666,5000.000000,1.000000,True,True,0.000000,2.500000,82.687591
12666,10000.000000,1.000000,True,True,0.000000,7.500000,71.321163
12666,20000.000000,1.000000,True,True,0.000000,31.000000,40.423504
12667,5000.000000,0.750000,False,True,1.000000,1.000000,84.739955
12667,10000.000000,1.000000,True,True,0.000000,6.500000,67.631219
12667,20000.000000,1.000000,True,True,0.000000,26.500000,38.610220
12668,5000.000000,1.000000,True,True,0.000000,2.500000,80.378081
12668,10000.000000,1.000000,True,True,0.000000,9.000000,71.960072
12668,20000.000000,1.000000,True,True,0.000000,32.000000,42.653153
12669,5000.000000,0.500000,False,True,1.000000,3.000000,85.627175
12669,10000.000000,1.000000,True,True,0.000000,10.500000,70.152206
12669,20000.000000,1.000000,True,True,0.000000,36.500000,43.569950
12670,5000.000000,1.000000,True,True,0.000000,2.000000,85.191583
12670,10000.000000,1.000000,True,True,0.000000,7.000000,75.273890
12670,20000.000000,1.000000,True,True,0.000000,33.500000,37.648976
12671,5000.000000,1.000000,True,True,0.000000,1.000000,84.638847
12671,10000.000000,1.000000,True,True,0.000000,10.500000,68.168041
12671,20000.000000,1.000000,True,True,0.000000,34.500000,44.898537
12672,5000.000000,1.000000,True,True,0.000000,2.500000,86.716377
12672,10000.000000,1.000000,True,True,0.000000,7.500000,75.061348
12672,20000.000000,1.000000,True,True,0.000000,28.500000,44.916123
12673,5000.000000,1.000000,True,True,0.000000,6.000000,85.080755
12673,10000.000000,1.000000,True,True,0.000000,11.500000,75.159732
12673,20000.000000,1.000000,True,True,0.000000,33.500000,43.965212
12674,5000.000000,1.000000,True,True,0.000000,2.500000,86.928130
12674,10000.000000,1.000000,True,True,0.000000,10.500000,72.702944
12674,20000.000000,1.000000,True,True,0.000000,29.500000,42.244152
12675,5000.000000,0.750000,False,True,1.000000,4.000000,86.425751
12675,10000.000000,1.000000,True,True,0.000000,8.000000,75.683052
12675,20000.000000,1.000000,True,True,0.000000,30.000000,41.948927
12676,5000.000000,1.000000,True,True,0.000000,1.500000,80.120489
12676,10000.000000,1.000000,True,True,0.000000,6.500000,66.769665
12676,20000.000000,0.750000,False,True,1.000000,28.000000,38.261153
12677,5000.000000,1.000000,True,True,0.000000,4.000000,86.851881
12677,10000.000000,1.000000,True,True,0.000000,11.500000,74.155540
12677,20000.000000,1.000000,True,True,0.000000,30.000000,44.780071
12678,5000.000000,0.750000,False,True,1.000000,3.500000,85.099830
12678,10000.000000,1.000000,True,True,0.000000,9.000000,75.885926
12678,20000.000000,1.000000,True,True,0.000000,29.500000,44.319051
12679,5000.000000,0.750000,False,True,1.414214,1.500000,86.248649
12679,10000.000000,1.000000,True,True,0.000000,6.500000,65.761573
12679,20000.000000,1.000000,True,True,0.000000,28.000000,36.786899
12680,5000.000000,1.000000,True,True,0.000000,1.500000,84.049617
12680,10000.000000,1.000000,True,True,0.000000,9.000000,69.561224
12680,20000.000000,1.000000,True,True,0.000000,38.500000,42.560261
12681,5000.000000,0.750000,False,True,1.000000,2.000000,86.215954
12681,10000.000000,1.000000,True,True,0.000000,9.000000,72.565410
12681,20000.000000,1.000000,True,True,0.000000,35.000000,45.110809
12682,5000.000000,1.000000,True,True,0.000000,2.000000,84.064098
12682,10000.000000,1.000000,True,True,0.000000,6.000000,68.738457
12682,20000.000000,1.000000,True,True,0.000000,33.500000,40.332241
12683,5000.000000,1.000000,True,True,0.000000,2.000000,83.544483
12683,10000.000000,1.000000,True,True,0.000000,10.500000,70.910477
12683,20000.000000,1.000000,True,True,0.000000,33.500000,42.845663
12684,5000.000000,0.750000,False,True,1.000000,3.000000,85.933910
12684,10000.000000,1.000000,True,True,0.000000,10.500000,74.414190
12684,20000.000000,1.000000,True,True,0.000000,30.500000,47.703656
12685,5000.000000,1.000000,True,True,0.000000,4.000000,84.391975
12685,10000.000000,1.000000,True,True,0.000000,9.000000,73.176598
12685,20000.000000,1.000000,True,True,0.000000,32.500000,45.672977
12686,5000.000000,1.000000,True,True,0.000000,4.500000,82.729847
12686,10000.000000,1.000000,True,True,0.000000,11.500000,73.082365
12686,20000.000000,1.000000,True,True,0.000000,36.000000,48.421379
12687,5000.000000,1.000000,True,True,0.000000,2.500000,88.204534
12687,10000.000000,1.000000,True,True,0.000000,11.000000,69.951888
12687,20000.000000,1.000000,True,True,0.000000,38.500000,42.621325
12688,5000.000000,0.750000,False,True,1.000000,2.000000,85.774560
12688,10000.000000,1.000000,True,True,0.000000,5.000000,75.394055
12688,20000.000000,1.000000,True,True,0.000000,30.500000,36.619783
12689,5000.000000,1.000000,True,True,0.000000,1.000000,81.891586
12689,10000.000000,1.000000,True,True,0.000000,7.000000,65.729101
12689,20000.000000,1.000000,True,True,0.000000,34.500000,40.880887
12690,5000.000000,1.000000,True,True,0.000000,2.000000,86.024004
12690,10000.000000,1.000000,True,True,0.000000,11.000000,67.672356
12690,20000.000000,1.000000,True,True,0.000000,34.500000,44.696109
12691,5000.000000,1.000000,True,True,0.000000,1.000000,85.625359
12691,10000.000000,1.000000,True,True,0.000000,8.000000,68.317593
12691,20000.000000,1.000000,True,True,0.000000,28.500000,38.884018
12692,5000.000000,1.000000,True,True,0.000000,2.000000,84.160005
12692,10000.000000,1.000000,True,True,0.000000,7.500000,66.352025
12692,20000.000000,0.750000,False,True,1.000000,31.500000,41.721828
12693,5000.000000,0.750000,False,True,1.000000,3.500000,85.549143
12693,10000.000000,1.000000,True,True,0.000000,11.000000,73.628990
12693,20000.000000,1.000000,True,True,0.000000,32.500000,45.152764
12694,5000.000000,1.000000,True,True,0.000000,2.500000,84.558009
12694,10000.000000,1.000000,True,True,0.000000,8.000000,73.898556
12694,20000.000000,1.000000,True,True,0.000000,29.500000,42.331428
12695,5000.000000,1.000000,True,True,0.000000,1.500000,80.702043
12695,10000.000000,1.000000,True,True,0.000000,6.500000,73.500938
12695,20000.000000,1.000000,True,True,0.000000,31.000000,36.183148
12696,5000.000000,0.750000,False,True,1.000000,1.500000,86.869031
12696,10000.000000,0.750000,False,True,1.000000,6.500000,69.769326
12696,20000.000000,1.000000,True,True,0.000000,30.000000,39.245066
12697,5000.000000,1.000000,True,True,0.000000,2.000000,86.243790
12697,10000.000000,1.000000,True,True,0.000000,6.500000,72.235504
12697,20000.000000,1.000000,True,True,0.000000,30.500000,42.339109
12698,5000.000000,1.000000,True,True,0.000000,1.500000,85.807080
12698,10000.000000,1.000000,True,True,0.000000,4.500000,72.243354
12698,20000.000000,1.000000,True,True,0.000000,26.500000,38.208498
12699,5000.000000,0.250000,False,True,1.000000,1.000000,80.837724
12699,10000.000000,1.000000,True,True,0.000000,4.500000,72.184289
12699,20000.000000,0.750000,False,True,1.000000,29.500000,37.218860
12700,5000.000000,1.000000,True,True,0.000000,1.000000,74.678567
12700,10000.000000,1.000000,True,True,0.000000,4.000000,60.728176
12700,20000.000000,1.000000,True,True,0.000000,27.000000,37.864080
12701,5000.000000,0.250000,False,True,1.000000,3.000000,84.506854
12701,10000.000000,1.000000,True,True,0.000000,7.500000,75.354880
12701,20000.000000,1.000000,True,True,0.000000,28.500000,43.291381
12702,5000.000000,1.000000,True,True,0.000000,2.000000,83.066019
12702,10000.000000,1.000000,True,True,0.000000,5.500000,70.408754
12702,20000.000000,1.000000,True,True,0.000000,29.000000,36.439904
12703,5000.000000,0.750000,False,True,1.000000,1.000000,86.053438
12703,10000.000000,1.000000,True,True,0.000000,6.000000,72.603618
12703,20000.000000,1.000000,True,True,0.000000,29.500000,37.252153
12704,5000.000000,1.000000,True,True,0.000000,3.000000,85.798219
12704,10000.000000,1.000000,True,True,0.000000,8.000000,61.689849
12704,20000.000000,1.000000,True,True,0.000000,34.500000,34.433112
12705,5000.000000,0.750000,False,True,1.000000,2.500000,86.122911
12705,10000.000000,1.000000,True,True,0.000000,8.500000,70.633376
12705,20000.000000,1.000000,True,True,0.000000,34.000000,43.532180
12706,5000.000000,1.000000,True,True,0.000000,1.000000,88.275123
12706,10000.000000,1.000000,True,True,0.000000,7.500000,66.451578
12706,20000.000000,1.000000,True,True,0.000000,32.000000,36.560435
12707,5000.000000,1.000000,True,True,0.000000,3.500000,86.146538
12707,10000.000000,1.000000,True,True,0.000000,8.000000,75.531071
12707,20000.000000,1.000000,True,True,0.000000,29.000000,40.246653
12708,5000.000000,1.000000,True,True,0.000000,1.500000,87.442178
12708,10000.000000,1.000000,True,True,0.000000,10.000000,67.615183
12708,20000.000000,1.000000,True,True,0.000000,35.500000,44.556291
12709,5000.000000,0.500000,False,True,1.000000,2.000000,87.386204
12709,10000.000000,1.000000,True,True,0.000000,8.000000,72.414857
12709,20000.000000,1.000000,True,True,0.000000,27.000000,42.692841
12710,5000.000000,1.000000,True,True,0.000000,1.500000,88.929636
12710,10000.000000,1.000000,True,True,0.000000,7.000000,73.278441
12710,20000.000000,1.000000,True,True,0.000000,28.000000,38.922661
12711,5000.000000,1.000000,True,True,0.000000,1.000000,85.673449
12711,10000.000000,1.000000,True,True,0.000000,6.000000,66.506525
12711,20000.000000,1.000000,True,True,0.000000,28.500000,39.226350
12712,5000.000000,1.000000,True,True,0.000000,3.000000,85.317000
12712,10000.000000,1.000000,True,True,0.000000,9.500000,69.816885
12712,20000.000000,1.000000,True,True,0.000000,36.000000,45.144198
12713,5000.000000,1.000000,True,True,0.000000,1.500000,82.677675
12713,10000.000000,1.000000,True,True,0.000000,3.500000,71.896660
12713,20000.000000,1.000000,True,True,0.000000,25.500000,36.349351
12714,5000.000000,1.000000,True,True,0.000000,2.500000,78.810124
12714,10000.000000,1.000000,True,True,0.000000,6.000000,65.635238
12714,20000.000000,1.000000,True,True,0.000000,28.000000,34.085314
12715,5000.000000,1.000000,True,True,0.000000,3.000000,86.582295
12715,10000.000000,1.000000,True,True,0.000000,10.000000,74.083011
12715,20000.000000,1.000000,True,True,0.000000,32.000000,45.344243
12716,5000.000000,0.750000,False,True,1.414214,3.000000,84.760978
12716,10000.000000,1.000000,True,True,0.000000,7.000000,72.896649
12716,20000.000000,1.000000,True,True,0.000000,30.500000,40.240775
12717,5000.000000,1.000000,True,True,0.000000,2.000000,76.362859
12717,10000.000000,1.000000,True,True,0.000000,6.500000,65.882292
12717,20000.000000,1.000000,True,True,0.000000,31.500000,35.447391
12718,5000.000000,1.000000,True,True,0.000000,4.500000,86.667543
12718,10000.000000,1.000000,True,True,0.000000,12.500000,72.175654
12718,20000.000000,1.000000,True,True,0.000000,41.000000,47.834507
12719,5000.000000,1.000000,True,True,0.000000,1.500000,87.557627
12719,10000.000000,1.000000,True,True,0.000000,6.000000,69.186854
12719,20000.000000,1.000000,True,True,0.000000,26.500000,38.032228
12720,5000.000000,1.000000,True,True,0.000000,1.500000,88.155857
12720,10000.000000,1.000000,True,True,0.000000,5.500000,68.482507
12720,20000.000000,1.000000,True,True,0.000000,28.500000,40.665987
12721,5000.000000,1.000000,True,True,0.000000,1.500000,78.764927
12721,10000.000000,1.000000,True,True,0.000000,6.000000,60.174467
12721,20000.000000,1.000000,True,True,0.000000,28.500000,34.752505
12722,5000.000000,0.750000,False,True,1.000000,1.500000,83.762645
12722,10000.000000,1.000000,True,True,0.000000,7.500000,70.661803
12722,20000.000000,1.000000,True,True,0.000000,28.000000,39.487875
12723,5000.000000,0.500000,False,True,1.000000,1.000000,88.281563
12723,10000.000000,1.000000,True,True,0.000000,8.000000,70.950854
12723,20000.000000,1.000000,True,True,0.000000,33.000000,39.031651
12724,5000.000000,0.750000,False,True,1.000000,3.500000,84.224289
12724,10000.000000,1.000000,True,True,0.000000,12.500000,73.937973
12724,20000.000000,1.000000,True,True,0.000000,33.000000,49.394110
12725,5000.000000,1.000000,True,True,0.000000,2.000000,87.894480
12725,10000.000000,1.000000,True,True,0.000000,6.000000,72.883897
12725,20000.000000,1.000000,True,True,0.000000,23.500000,40.829410
12726,5000.000000,1.000000,True,True,0.000000,1.000000,87.045673
12726,10000.000000,1.000000,True,True,0.000000,7.500000,67.332726
12726,20000.000000,0.750000,False,True,1.000000,34.000000,35.997101
12727,5000.000000,0.500000,False,True,1.000000,2.000000,88.117594
12727,10000.000000,1.000000,True,True,0.000000,8.000000,73.357661
12727,20000.000000,1.000000,True,True,0.000000,31.500000,40.127558
12728,5000.000000,1.000000,True,True,0.000000,2.500000,85.392002
12728,10000.000000,1.000000,True,True,0.000000,6.500000,68.772786
12728,20000.000000,1.000000,True,True,0.000000,31.500000,40.024378
12729,5000.000000,0.750000,False,True,1.000000,2.000000,86.632847
12729,10000.000000,1.000000,True,True,0.000000,8.500000,72.483438
12729,20000.000000,1.000000,True,True,0.000000,32.500000,42.991354
12730,5000.000000,0.750000,False,True,1.000000,2.500000,82.482601
12730,10000.000000,1.000000,True,True,0.000000,9.500000,74.075936
12730,20000.000000,1.000000,True,True,0.000000,30.000000,45.371297
12731,5000.000000,0.750000,False,True,1.000000,1.000000,82.889265
12731,10000.000000,1.000000,True,True,0.000000,6.000000,68.114712
12731,20000.000000,1.000000,True,True,0.000000,35.000000,37.282247
12732,5000.000000,0.500000,False,True,1.414214,1.500000,83.765221
12732,10000.000000,1.000000,True,True,0.000000,5.000000,69.276359
12732,20000.000000,1.000000,True,True,0.000000,30.000000,36.263762
12733,5000.000000,1.000000,True,True,0.000000,2.000000,83.797702
12733,10000.000000,1.000000,True,True,0.000000,6.000000,73.198438
12733,20000.000000,1.000000,True,True,0.000000,37.000000,37.302427
12734,5000.000000,1.000000,True,True,0.000000,4.000000,66.714330
12734,10000.000000,1.000000,True,True,0.000000,6.000000,59.878866
12734,20000.000000,1.000000,True,True,0.000000,32.000000,40.185267
12735,5000.000000,0.750000,False,True,1.000000,1.000000,84.500747
12735,10000.000000,1.000000,True,True,0.000000,5.000000,70.022948
12735,20000.000000,1.000000,True,True,0.000000,28.500000,38.364245
12736,5000.000000,0.750000,False,True,1.000000,1.000000,83.581748
12736,10000.000000,1.000000,True,True,0.000000,5.500000,69.296948
12736,20000.000000,1.000000,True,True,0.000000,31.500000,34.565277
12737,5000.000000,0.750000,False,True,1.414214,1.500000,82.362440
12737,10000.000000,1.000000,True,True,0.000000,7.000000,70.793101
12737,20000.000000,1.000000,True,True,0.000000,28.000000,40.884929
12738,5000.000000,1.000000,True,True,0.000000,1.500000,85.371812
12738,10000.000000,1.000000,True,True,0.000000,7.500000,66.547145
12738,20000.000000,1.000000,True,True,0.000000,31.000000,41.536950
12739,5000.000000,1.000000,True,True,0.000000,3.000000,82.768056
12739,10000.000000,1.000000,True,True,0.000000,8.000000,67.738706
12739,20000.000000,1.000000,True,True,0.000000,34.000000,43.044738
12740,5000.000000,1.000000,True,True,0.000000,2.000000,88.362587
12740,10000.000000,1.000000,True,True,0.000000,10.000000,70.634582
12740,20000.000000,1.000000,True,True,0.000000,36.500000,44.179537
12741,5000.000000,1.000000,True,True,0.000000,2.500000,87.860047
12741,10000.000000,1.000000,True,True,0.000000,7.500000,74.197733
12741,20000.000000,1.000000,True,True,0.000000,31.500000,41.813400
12742,5000.000000,1.000000,True,True,0.000000,4.000000,86.336685
12742,10000.000000,1.000000,True,True,0.000000,9.000000,77.680144
12742,20000.000000,1.000000,True,True,0.000000,29.500000,47.099620
12743,5000.000000,1.000000,True,True,0.000000,1.500000,85.334319
12743,10000.000000,1.000000,True,True,0.000000,8.500000,71.535604
12743,20000.000000,1.000000,True,True,0.000000,32.500000,48.093483
12744,5000.000000,1.000000,True,True,0.000000,1.500000,76.576143
12744,10000.000000,1.000000,True,True,0.000000,8.000000,63.171612
12744,20000.000000,1.000000,True,True,0.000000,32.500000,39.231934
